patientId,x,y,width,height,Target
test0000.png,,,,,0
test0001.png,,,,,0
test0002.png,,,,,0
test0003.png,,,,,0
test0004.png,,,,,0
test0005.png,,,,,0
test0006.png,,,,,0
test0007.png,,,,,0
test0008.png,,,,,0
test0009.png,,,,,0
test0010.png,,,,,0
test0011.png,,,,,0
test0012.png,,,,,0
test0013.png,,,,,0
test0014.png,,,,,0
test0015.png,,,,,0
test0016.png,,,,,0
test0017.png,,,,,0
test0018.png,,,,,0
test0019.png,,,,,0
test0020.png,,,,,0
test0021.png,,,,,0
test0022.png,,,,,0
test0023.png,,,,,0
test0024.png,,,,,0
test0025.png,,,,,0
test0026.png,,,,,0
test0027.png,,,,,0
test0028.png,,,,,0
test0029.png,,,,,0
test0030.png,,,,,0
test0031.png,,,,,0
test0032.png,,,,,0
test0033.png,,,,,0
test0034.png,,,,,0
test0035.png,,,,,0
test0036.png,,,,,0
test0037.png,,,,,0
test0038.png,,,,,0
test0039.png,,,,,0
test0040.png,,,,,0
test0041.png,,,,,0
test0042.png,,,,,0
test0043.png,,,,,0
test0044.png,,,,,0
test0045.png,,,,,0
test0046.png,,,,,0
test0047.png,,,,,0
test0048.png,,,,,0
test0049.png,,,,,0
test0050.png,,,,,0
test0051.png,,,,,0
test0052.png,,,,,0
test0053.png,,,,,0
test0054.png,,,,,0
test0055.png,,,,,0
test0056.png,,,,,0
test0057.png,,,,,0
test0058.png,,,,,0
test0059.png,,,,,0
test0060.png,,,,,0
test0061.png,,,,,0
test0062.png,,,,,0
test0063.png,,,,,0
test0064.png,,,,,0
test0065.png,,,,,0
test0066.png,,,,,0
test0067.png,,,,,0
test0068.png,,,,,0
test0069.png,,,,,0
test0070.png,,,,,0
test0071.png,,,,,0
test0072.png,,,,,0
test0073.png,,,,,0
test0074.png,,,,,0
test0075.png,,,,,0
test0076.png,592,108,284,612,1
test0077.png,,,,,0
test0078.png,,,,,0
test0079.png,,,,,0
test0080.png,,,,,0
test0081.png,,,,,0
test0082.png,,,,,0
test0083.png,,,,,0
test0084.png,,,,,0
test0085.png,,,,,0
test0086.png,,,,,0
test0087.png,,,,,0
test0088.png,,,,,0
test0089.png,,,,,0
test0090.png,,,,,0
test0091.png,,,,,0
test0092.png,,,,,0
test0093.png,,,,,0
test0094.png,,,,,0
test0095.png,,,,,0
test0096.png,,,,,0
test0097.png,,,,,0
test0098.png,,,,,0
test0099.png,,,,,0
test0100.png,,,,,0
test0101.png,,,,,0
test0102.png,,,,,0
test0103.png,,,,,0
test0104.png,210,190,282,576,1
test0105.png,,,,,0
test0106.png,,,,,0
test0107.png,,,,,0
test0108.png,,,,,0
test0109.png,,,,,0
test0110.png,,,,,0
test0111.png,,,,,0
test0112.png,,,,,0
test0113.png,140,150,294,658,1
test0114.png,,,,,0
test0115.png,,,,,0
test0116.png,,,,,0
test0117.png,,,,,0
test0118.png,,,,,0
test0119.png,,,,,0
test0120.png,,,,,0
test0121.png,,,,,0
test0122.png,,,,,0
test0123.png,,,,,0
test0124.png,,,,,0
test0125.png,,,,,0
test0126.png,,,,,0
test0127.png,,,,,0
test0128.png,,,,,0
test0129.png,,,,,0
test0130.png,,,,,0
test0131.png,,,,,0
test0132.png,,,,,0
test0133.png,,,,,0
test0134.png,,,,,0
test0135.png,,,,,0
test0136.png,,,,,0
test0137.png,,,,,0
test0138.png,,,,,0
test0139.png,,,,,0
test0140.png,,,,,0
test0141.png,,,,,0
test0142.png,,,,,0
test0143.png,,,,,0
test0144.png,,,,,0
test0145.png,,,,,0
test0146.png,,,,,0
test0147.png,,,,,0
test0148.png,,,,,0
test0149.png,,,,,0
test0150.png,,,,,0
test0151.png,,,,,0
test0152.png,,,,,0
test0153.png,,,,,0
test0154.png,,,,,0
test0155.png,,,,,0
test0156.png,,,,,0
test0157.png,,,,,0
test0158.png,,,,,0
test0159.png,,,,,0
test0160.png,,,,,0
test0161.png,,,,,0
test0162.png,,,,,0
test0163.png,,,,,0
test0164.png,,,,,0
test0165.png,,,,,0
test0166.png,,,,,0
test0167.png,,,,,0
test0168.png,,,,,0
test0169.png,,,,,0
test0170.png,,,,,0
test0171.png,,,,,0
test0172.png,,,,,0
test0173.png,,,,,0
test0174.png,,,,,0
test0175.png,,,,,0
test0176.png,,,,,0
test0177.png,,,,,0
test0178.png,,,,,0
test0179.png,,,,,0
test0180.png,,,,,0
test0181.png,,,,,0
test0182.png,,,,,0
test0183.png,,,,,0
test0184.png,,,,,0
test0185.png,,,,,0
test0186.png,,,,,0
test0187.png,,,,,0
test0188.png,,,,,0
test0189.png,,,,,0
test0190.png,,,,,0
test0191.png,,,,,0
test0192.png,,,,,0
test0193.png,,,,,0
test0194.png,,,,,0
test0195.png,,,,,0
test0196.png,,,,,0
test0197.png,,,,,0
test0198.png,,,,,0
test0199.png,,,,,0
test0200.png,,,,,0
test0201.png,,,,,0
test0202.png,,,,,0
test0203.png,,,,,0
test0204.png,,,,,0
test0205.png,,,,,0
test0206.png,,,,,0
test0207.png,,,,,0
test0208.png,,,,,0
test0209.png,,,,,0
test0210.png,,,,,0
test0211.png,,,,,0
test0212.png,,,,,0
test0213.png,,,,,0
test0214.png,,,,,0
test0215.png,,,,,0
test0216.png,,,,,0
test0217.png,,,,,0
test0218.png,,,,,0
test0219.png,,,,,0
test0220.png,,,,,0
test0221.png,,,,,0
test0222.png,,,,,0
test0223.png,,,,,0
test0224.png,,,,,0
test0225.png,,,,,0
test0226.png,,,,,0
test0227.png,,,,,0
test0228.png,,,,,0
test0229.png,,,,,0
test0230.png,,,,,0
test0231.png,,,,,0
test0232.png,,,,,0
test0233.png,,,,,0
test0234.png,,,,,0
test0235.png,,,,,0
test0236.png,,,,,0
test0237.png,,,,,0
test0238.png,,,,,0
test0239.png,,,,,0
test0240.png,,,,,0
test0241.png,,,,,0
test0242.png,,,,,0
test0243.png,,,,,0
test0244.png,,,,,0
test0245.png,,,,,0
test0246.png,,,,,0
test0247.png,,,,,0
test0248.png,,,,,0
test0249.png,,,,,0
test0250.png,,,,,0
test0251.png,,,,,0
test0252.png,,,,,0
test0253.png,,,,,0
test0254.png,,,,,0
test0255.png,,,,,0
test0256.png,,,,,0
test0257.png,,,,,0
test0258.png,,,,,0
test0259.png,,,,,0
test0260.png,,,,,0
test0261.png,,,,,0
test0262.png,,,,,0
test0263.png,,,,,0
test0264.png,,,,,0
test0265.png,,,,,0
test0266.png,,,,,0
test0267.png,,,,,0
test0268.png,,,,,0
test0269.png,,,,,0
test0270.png,,,,,0
test0271.png,,,,,0
test0272.png,,,,,0
test0273.png,,,,,0
test0274.png,,,,,0
test0275.png,,,,,0
test0276.png,,,,,0
test0277.png,,,,,0
test0278.png,,,,,0
test0279.png,,,,,0
test0280.png,,,,,0
test0281.png,,,,,0
test0282.png,,,,,0
test0283.png,,,,,0
test0284.png,,,,,0
test0285.png,,,,,0
test0286.png,,,,,0
test0287.png,,,,,0
test0288.png,,,,,0
test0289.png,,,,,0
test0290.png,,,,,0
test0291.png,,,,,0
test0292.png,,,,,0
test0293.png,,,,,0
test0294.png,,,,,0
test0295.png,,,,,0
test0296.png,150,164,272,628,1
test0297.png,,,,,0
test0298.png,,,,,0
test0299.png,,,,,0
test0300.png,,,,,0
test0301.png,,,,,0
test0302.png,,,,,0
test0303.png,,,,,0
test0304.png,,,,,0
test0305.png,,,,,0
test0306.png,,,,,0
test0307.png,,,,,0
test0308.png,,,,,0
test0309.png,,,,,0
test0310.png,,,,,0
test0311.png,,,,,0
test0312.png,,,,,0
test0313.png,,,,,0
test0314.png,,,,,0
test0315.png,,,,,0
test0316.png,,,,,0
test0317.png,,,,,0
test0318.png,,,,,0
test0319.png,,,,,0
test0320.png,,,,,0
test0321.png,,,,,0
test0322.png,,,,,0
test0323.png,,,,,0
test0324.png,,,,,0
test0325.png,,,,,0
test0326.png,,,,,0
test0327.png,,,,,0
test0328.png,,,,,0
test0329.png,,,,,0
test0330.png,,,,,0
test0331.png,,,,,0
test0332.png,,,,,0
test0333.png,,,,,0
test0334.png,,,,,0
test0335.png,,,,,0
test0336.png,,,,,0
test0337.png,,,,,0
test0338.png,,,,,0
test0339.png,,,,,0
test0340.png,,,,,0
test0341.png,,,,,0
test0342.png,,,,,0
test0343.png,,,,,0
test0344.png,,,,,0
test0345.png,,,,,0
test0346.png,,,,,0
test0347.png,,,,,0
test0348.png,,,,,0
test0349.png,,,,,0
test0350.png,,,,,0
test0351.png,,,,,0
test0352.png,,,,,0
test0353.png,,,,,0
test0354.png,,,,,0
test0355.png,,,,,0
test0356.png,,,,,0
test0357.png,,,,,0
test0358.png,,,,,0
test0359.png,,,,,0
test0360.png,,,,,0
test0361.png,,,,,0
test0362.png,,,,,0
test0363.png,,,,,0
test0364.png,,,,,0
test0365.png,,,,,0
test0366.png,,,,,0
test0367.png,,,,,0
test0368.png,,,,,0
test0369.png,,,,,0
test0370.png,,,,,0
test0371.png,,,,,0
test0372.png,,,,,0
test0373.png,,,,,0
test0374.png,,,,,0
test0375.png,,,,,0
test0376.png,,,,,0
test0377.png,,,,,0
test0378.png,,,,,0
test0379.png,,,,,0
test0380.png,,,,,0
test0381.png,,,,,0
test0382.png,,,,,0
test0383.png,,,,,0
test0384.png,,,,,0
test0385.png,,,,,0
test0386.png,,,,,0
test0387.png,,,,,0
test0388.png,,,,,0
test0389.png,,,,,0
test0390.png,,,,,0
test0391.png,,,,,0
test0392.png,,,,,0
test0393.png,,,,,0
test0394.png,,,,,0
test0395.png,,,,,0
test0396.png,,,,,0
test0397.png,,,,,0
test0398.png,,,,,0
test0399.png,,,,,0
test0400.png,,,,,0
test0401.png,,,,,0
test0402.png,,,,,0
test0403.png,,,,,0
test0404.png,,,,,0
test0405.png,,,,,0
test0406.png,,,,,0
test0407.png,,,,,0
test0408.png,,,,,0
test0409.png,,,,,0
test0410.png,,,,,0
test0411.png,,,,,0
test0412.png,,,,,0
test0413.png,,,,,0
test0414.png,,,,,0
test0415.png,,,,,0
test0416.png,,,,,0
test0417.png,,,,,0
test0418.png,,,,,0
test0419.png,,,,,0
test0420.png,,,,,0
test0421.png,,,,,0
test0422.png,,,,,0
test0423.png,,,,,0
test0424.png,,,,,0
test0425.png,,,,,0
test0426.png,,,,,0
test0427.png,,,,,0
test0428.png,,,,,0
test0429.png,,,,,0
test0430.png,,,,,0
test0431.png,,,,,0
test0432.png,,,,,0
test0433.png,,,,,0
test0434.png,,,,,0
test0435.png,,,,,0
test0436.png,,,,,0
test0437.png,,,,,0
test0438.png,,,,,0
test0439.png,,,,,0
test0440.png,,,,,0
test0441.png,,,,,0
test0442.png,,,,,0
test0443.png,,,,,0
test0444.png,,,,,0
test0445.png,,,,,0
test0446.png,,,,,0
test0447.png,,,,,0
test0448.png,,,,,0
test0449.png,,,,,0
test0450.png,,,,,0
test0451.png,,,,,0
test0452.png,,,,,0
test0453.png,,,,,0
test0454.png,,,,,0
test0455.png,,,,,0
test0456.png,,,,,0
test0457.png,,,,,0
test0458.png,,,,,0
test0459.png,,,,,0
test0460.png,,,,,0
test0461.png,,,,,0
test0462.png,,,,,0
test0463.png,,,,,0
test0464.png,,,,,0
test0465.png,,,,,0
test0466.png,,,,,0
test0467.png,,,,,0
test0468.png,,,,,0
test0469.png,,,,,0
test0470.png,,,,,0
test0471.png,,,,,0
test0472.png,,,,,0
test0473.png,,,,,0
test0474.png,,,,,0
test0475.png,,,,,0
test0476.png,,,,,0
test0477.png,,,,,0
test0478.png,,,,,0
test0479.png,,,,,0
test0480.png,,,,,0
test0481.png,,,,,0
test0482.png,,,,,0
test0483.png,,,,,0
test0484.png,,,,,0
test0485.png,,,,,0
test0486.png,,,,,0
test0487.png,,,,,0
test0488.png,,,,,0
test0489.png,,,,,0
test0490.png,,,,,0
test0491.png,,,,,0
test0492.png,,,,,0
test0493.png,,,,,0
test0494.png,,,,,0
test0495.png,,,,,0
test0496.png,,,,,0
test0497.png,,,,,0
test0498.png,,,,,0
test0499.png,,,,,0
test0500.png,,,,,0
test0501.png,,,,,0
test0502.png,,,,,0
test0503.png,534,328,276,558,1
test0504.png,,,,,0
test0505.png,,,,,0
test0506.png,,,,,0
test0507.png,,,,,0
test0508.png,,,,,0
test0509.png,,,,,0
test0510.png,,,,,0
test0511.png,,,,,0
test0512.png,,,,,0
test0513.png,,,,,0
test0514.png,,,,,0
test0515.png,,,,,0
test0516.png,,,,,0
test0517.png,,,,,0
test0518.png,,,,,0
test0519.png,,,,,0
test0520.png,,,,,0
test0521.png,,,,,0
test0522.png,,,,,0
test0523.png,,,,,0
test0524.png,,,,,0
test0525.png,,,,,0
test0526.png,,,,,0
test0527.png,,,,,0
test0528.png,,,,,0
test0529.png,,,,,0
test0530.png,,,,,0
test0531.png,,,,,0
test0532.png,,,,,0
test0533.png,,,,,0
test0534.png,,,,,0
test0535.png,,,,,0
test0536.png,,,,,0
test0537.png,,,,,0
test0538.png,,,,,0
test0539.png,,,,,0
test0540.png,,,,,0
test0541.png,,,,,0
test0542.png,,,,,0
test0543.png,,,,,0
test0544.png,,,,,0
test0545.png,,,,,0
test0546.png,,,,,0
test0547.png,,,,,0
test0548.png,,,,,0
test0549.png,,,,,0
test0550.png,,,,,0
test0551.png,,,,,0
test0552.png,,,,,0
test0553.png,,,,,0
test0554.png,,,,,0
test0555.png,,,,,0
test0556.png,,,,,0
test0557.png,,,,,0
test0558.png,,,,,0
test0559.png,,,,,0
test0560.png,,,,,0
test0561.png,,,,,0
test0562.png,,,,,0
test0563.png,,,,,0
test0564.png,,,,,0
test0565.png,,,,,0
test0566.png,,,,,0
test0567.png,,,,,0
test0568.png,,,,,0
test0569.png,,,,,0
test0570.png,,,,,0
test0571.png,,,,,0
test0572.png,,,,,0
test0573.png,,,,,0
test0574.png,,,,,0
test0575.png,,,,,0
test0576.png,,,,,0
test0577.png,,,,,0
test0578.png,,,,,0
test0579.png,,,,,0
test0580.png,,,,,0
test0581.png,,,,,0
test0582.png,,,,,0
test0583.png,,,,,0
test0584.png,,,,,0
test0585.png,,,,,0
test0586.png,,,,,0
test0587.png,,,,,0
test0588.png,,,,,0
test0589.png,,,,,0
test0590.png,,,,,0
test0591.png,,,,,0
test0592.png,,,,,0
test0593.png,,,,,0
test0594.png,,,,,0
test0595.png,,,,,0
test0596.png,,,,,0
test0597.png,,,,,0
test0598.png,,,,,0
test0599.png,,,,,0
test0600.png,,,,,0
test0601.png,,,,,0
test0602.png,,,,,0
test0603.png,,,,,0
test0604.png,,,,,0
test0605.png,,,,,0
test0606.png,,,,,0
test0607.png,,,,,0
test0608.png,,,,,0
test0609.png,,,,,0
test0610.png,,,,,0
test0611.png,,,,,0
test0612.png,,,,,0
test0613.png,,,,,0
test0614.png,,,,,0
test0615.png,,,,,0
test0616.png,,,,,0
test0617.png,,,,,0
test0618.png,,,,,0
test0619.png,,,,,0
test0620.png,,,,,0
test0621.png,,,,,0
test0622.png,,,,,0
test0623.png,,,,,0
test0624.png,,,,,0
test0625.png,,,,,0
test0626.png,,,,,0
test0627.png,,,,,0
test0628.png,,,,,0
test0629.png,,,,,0
test0630.png,,,,,0
test0631.png,,,,,0
test0632.png,,,,,0
test0633.png,,,,,0
test0634.png,,,,,0
test0635.png,,,,,0
test0636.png,,,,,0
test0637.png,,,,,0
test0638.png,,,,,0
test0639.png,,,,,0
test0640.png,,,,,0
test0641.png,,,,,0
test0642.png,,,,,0
test0643.png,,,,,0
test0644.png,,,,,0
test0645.png,,,,,0
test0646.png,,,,,0
test0647.png,,,,,0
test0648.png,,,,,0
test0649.png,,,,,0
test0650.png,,,,,0
test0651.png,,,,,0
test0652.png,,,,,0
test0653.png,,,,,0
test0654.png,,,,,0
test0655.png,,,,,0
test0656.png,,,,,0
test0657.png,,,,,0
test0658.png,,,,,0
test0659.png,,,,,0
test0660.png,,,,,0
test0661.png,,,,,0
test0662.png,,,,,0
test0663.png,,,,,0
test0664.png,,,,,0
test0665.png,,,,,0
test0666.png,,,,,0
test0667.png,,,,,0
test0668.png,,,,,0
test0669.png,,,,,0
test0670.png,,,,,0
test0671.png,,,,,0
test0672.png,,,,,0
test0673.png,,,,,0
test0674.png,,,,,0
test0675.png,,,,,0
test0676.png,,,,,0
test0677.png,,,,,0
test0678.png,,,,,0
test0679.png,,,,,0
test0680.png,,,,,0
test0681.png,,,,,0
test0682.png,,,,,0
test0683.png,,,,,0
test0684.png,,,,,0
test0685.png,,,,,0
test0686.png,,,,,0
test0687.png,,,,,0
test0688.png,,,,,0
test0689.png,,,,,0
test0690.png,,,,,0
test0691.png,,,,,0
test0692.png,,,,,0
test0693.png,,,,,0
test0694.png,,,,,0
test0695.png,,,,,0
test0696.png,,,,,0
test0697.png,,,,,0
test0698.png,,,,,0
test0699.png,,,,,0
test0700.png,,,,,0
test0701.png,,,,,0
test0702.png,,,,,0
test0703.png,,,,,0
test0704.png,,,,,0
test0705.png,,,,,0
test0706.png,,,,,0
test0707.png,,,,,0
test0708.png,,,,,0
test0709.png,,,,,0
test0710.png,,,,,0
test0711.png,,,,,0
test0712.png,,,,,0
test0713.png,,,,,0
test0714.png,,,,,0
test0715.png,,,,,0
test0716.png,,,,,0
test0717.png,,,,,0
test0718.png,,,,,0
test0719.png,,,,,0
test0720.png,,,,,0
test0721.png,,,,,0
test0722.png,,,,,0
test0723.png,,,,,0
test0724.png,212,238,280,610,1
test0724.png,592,288,288,636,1
test0725.png,,,,,0
test0726.png,,,,,0
test0727.png,,,,,0
test0728.png,,,,,0
test0729.png,,,,,0
test0730.png,,,,,0
test0731.png,,,,,0
test0732.png,,,,,0
test0733.png,,,,,0
test0734.png,,,,,0
test0735.png,,,,,0
test0736.png,,,,,0
test0737.png,,,,,0
test0738.png,,,,,0
test0739.png,,,,,0
test0740.png,,,,,0
test0741.png,,,,,0
test0742.png,,,,,0
test0743.png,,,,,0
test0744.png,,,,,0
test0745.png,,,,,0
test0746.png,144,192,288,572,1
test0747.png,,,,,0
test0748.png,,,,,0
test0749.png,,,,,0
test0750.png,,,,,0
test0751.png,,,,,0
test0752.png,,,,,0
test0753.png,,,,,0
test0754.png,,,,,0
test0755.png,,,,,0
test0756.png,,,,,0
test0757.png,,,,,0
test0758.png,,,,,0
test0759.png,,,,,0
test0760.png,,,,,0
test0761.png,,,,,0
test0762.png,,,,,0
test0763.png,,,,,0
test0764.png,,,,,0
test0765.png,,,,,0
test0766.png,,,,,0
test0767.png,,,,,0
test0768.png,,,,,0
test0769.png,,,,,0
test0770.png,,,,,0
test0771.png,,,,,0
test0772.png,,,,,0
test0773.png,,,,,0
test0774.png,,,,,0
test0775.png,,,,,0
test0776.png,,,,,0
test0777.png,,,,,0
test0778.png,,,,,0
test0779.png,,,,,0
test0780.png,,,,,0
test0781.png,,,,,0
test0782.png,,,,,0
test0783.png,,,,,0
test0784.png,,,,,0
test0785.png,,,,,0
test0786.png,,,,,0
test0787.png,,,,,0
test0788.png,,,,,0
test0789.png,,,,,0
test0790.png,,,,,0
test0791.png,,,,,0
test0792.png,,,,,0
test0793.png,,,,,0
test0794.png,,,,,0
test0795.png,,,,,0
test0796.png,,,,,0
test0797.png,,,,,0
test0798.png,,,,,0
test0799.png,,,,,0
test0800.png,,,,,0
test0801.png,,,,,0
test0802.png,,,,,0
test0803.png,,,,,0
test0804.png,,,,,0
test0805.png,,,,,0
test0806.png,,,,,0
test0807.png,,,,,0
test0808.png,,,,,0
test0809.png,,,,,0
test0810.png,,,,,0
test0811.png,,,,,0
test0812.png,,,,,0
test0813.png,,,,,0
test0814.png,,,,,0
test0815.png,,,,,0
test0816.png,,,,,0
test0817.png,,,,,0
test0818.png,,,,,0
test0819.png,,,,,0
test0820.png,,,,,0
test0821.png,,,,,0
test0822.png,,,,,0
test0823.png,,,,,0
test0824.png,,,,,0
test0825.png,,,,,0
test0826.png,,,,,0
test0827.png,,,,,0
test0828.png,,,,,0
test0829.png,,,,,0
test0830.png,,,,,0
test0831.png,,,,,0
test0832.png,,,,,0
test0833.png,,,,,0
test0834.png,,,,,0
test0835.png,,,,,0
test0836.png,,,,,0
test0837.png,,,,,0
test0838.png,,,,,0
test0839.png,,,,,0
test0840.png,,,,,0
test0841.png,,,,,0
test0842.png,,,,,0
test0843.png,,,,,0
test0844.png,,,,,0
test0845.png,,,,,0
test0846.png,,,,,0
test0847.png,,,,,0
test0848.png,,,,,0
test0849.png,,,,,0
test0850.png,,,,,0
test0851.png,,,,,0
test0852.png,,,,,0
test0853.png,,,,,0
test0854.png,,,,,0
test0855.png,,,,,0
test0856.png,,,,,0
test0857.png,,,,,0
test0858.png,,,,,0
test0859.png,,,,,0
test0860.png,,,,,0
test0861.png,,,,,0
test0862.png,,,,,0
test0863.png,,,,,0
test0864.png,,,,,0
test0865.png,,,,,0
test0866.png,,,,,0
test0867.png,,,,,0
test0868.png,,,,,0
test0869.png,,,,,0
test0870.png,,,,,0
test0871.png,,,,,0
test0872.png,,,,,0
test0873.png,146,138,282,552,1
test0874.png,,,,,0
test0875.png,,,,,0
test0876.png,,,,,0
test0877.png,,,,,0
test0878.png,,,,,0
test0879.png,,,,,0
test0880.png,,,,,0
test0881.png,,,,,0
test0882.png,,,,,0
test0883.png,,,,,0
test0884.png,,,,,0
test0885.png,,,,,0
test0886.png,,,,,0
test0887.png,,,,,0
test0888.png,,,,,0
test0889.png,,,,,0
test0890.png,,,,,0
test0891.png,,,,,0
test0892.png,,,,,0
test0893.png,,,,,0
test0894.png,,,,,0
test0895.png,,,,,0
test0896.png,,,,,0
test0897.png,,,,,0
test0898.png,,,,,0
test0899.png,138,140,300,548,1
test0899.png,538,198,268,560,1
test0900.png,,,,,0
test0901.png,210,78,284,544,1
test0902.png,,,,,0
test0903.png,,,,,0
test0904.png,,,,,0
test0905.png,,,,,0
test0906.png,,,,,0
test0907.png,,,,,0
test0908.png,,,,,0
test0909.png,,,,,0
test0910.png,,,,,0
test0911.png,,,,,0
test0912.png,,,,,0
test0913.png,,,,,0
test0914.png,,,,,0
test0915.png,,,,,0
test0916.png,,,,,0
test0917.png,,,,,0
test0918.png,,,,,0
test0919.png,,,,,0
test0920.png,,,,,0
test0921.png,,,,,0
test0922.png,,,,,0
test0923.png,,,,,0
test0924.png,,,,,0
test0925.png,,,,,0
test0926.png,,,,,0
test0927.png,,,,,0
test0928.png,,,,,0
test0929.png,,,,,0
test0930.png,,,,,0
test0931.png,,,,,0
test0932.png,,,,,0
test0933.png,,,,,0
test0934.png,,,,,0
test0935.png,,,,,0
test0936.png,,,,,0
test0937.png,,,,,0
test0938.png,,,,,0
test0939.png,,,,,0
test0940.png,,,,,0
test0941.png,,,,,0
test0942.png,,,,,0
test0943.png,,,,,0
test0944.png,,,,,0
test0945.png,,,,,0
test0946.png,,,,,0
test0947.png,,,,,0
test0948.png,,,,,0
test0949.png,,,,,0
test0950.png,,,,,0
test0951.png,,,,,0
test0952.png,,,,,0
test0953.png,,,,,0
test0954.png,,,,,0
test0955.png,,,,,0
test0956.png,,,,,0
test0957.png,,,,,0
test0958.png,,,,,0
test0959.png,,,,,0
test0960.png,,,,,0
test0961.png,,,,,0
test0962.png,,,,,0
test0963.png,,,,,0
test0964.png,,,,,0
test0965.png,,,,,0
test0966.png,,,,,0
test0967.png,,,,,0
test0968.png,,,,,0
test0969.png,,,,,0
test0970.png,,,,,0
test0971.png,,,,,0
test0972.png,,,,,0
test0973.png,,,,,0
test0974.png,,,,,0
test0975.png,,,,,0
test0976.png,,,,,0
test0977.png,,,,,0
test0978.png,,,,,0
test0979.png,,,,,0
test0980.png,,,,,0
test0981.png,,,,,0
test0982.png,,,,,0
test0983.png,,,,,0
test0984.png,,,,,0
test0985.png,,,,,0
test0986.png,,,,,0
test0987.png,,,,,0
test0988.png,,,,,0
test0989.png,,,,,0
test0990.png,,,,,0
test0991.png,,,,,0
test0992.png,,,,,0
test0993.png,,,,,0
test0994.png,,,,,0
test0995.png,,,,,0
test0996.png,,,,,0
test0997.png,,,,,0
test0998.png,,,,,0
test0999.png,,,,,0
test1000.png,,,,,0
test1001.png,,,,,0
test1002.png,,,,,0
test1003.png,,,,,0
test1004.png,,,,,0
test1005.png,,,,,0
test1006.png,,,,,0
test1007.png,,,,,0
test1008.png,,,,,0
test1009.png,,,,,0
test1010.png,,,,,0
test1011.png,,,,,0
test1012.png,,,,,0
test1013.png,,,,,0
test1014.png,,,,,0
test1015.png,,,,,0
test1016.png,,,,,0
test1017.png,,,,,0
test1018.png,,,,,0
test1019.png,,,,,0
test1020.png,,,,,0
test1021.png,,,,,0
test1022.png,,,,,0
test1023.png,,,,,0
test1024.png,,,,,0
test1025.png,,,,,0
test1026.png,,,,,0
test1027.png,,,,,0
test1028.png,,,,,0
test1029.png,,,,,0
test1030.png,,,,,0
test1031.png,,,,,0
test1032.png,,,,,0
test1033.png,,,,,0
test1034.png,,,,,0
test1035.png,,,,,0
test1036.png,,,,,0
test1037.png,,,,,0
test1038.png,,,,,0
test1039.png,,,,,0
test1040.png,,,,,0
test1041.png,,,,,0
test1042.png,,,,,0
test1043.png,,,,,0
test1044.png,,,,,0
test1045.png,,,,,0
test1046.png,,,,,0
test1047.png,,,,,0
test1048.png,,,,,0
test1049.png,,,,,0
test1050.png,,,,,0
test1051.png,,,,,0
test1052.png,,,,,0
test1053.png,,,,,0
test1054.png,,,,,0
test1055.png,,,,,0
test1056.png,,,,,0
test1057.png,,,,,0
test1058.png,,,,,0
test1059.png,,,,,0
test1060.png,,,,,0
test1061.png,,,,,0
test1062.png,,,,,0
test1063.png,,,,,0
test1064.png,,,,,0
test1065.png,,,,,0
test1066.png,,,,,0
test1067.png,,,,,0
test1068.png,,,,,0
test1069.png,,,,,0
test1070.png,,,,,0
test1071.png,,,,,0
test1072.png,,,,,0
test1073.png,,,,,0
test1074.png,,,,,0
test1075.png,,,,,0
test1076.png,,,,,0
test1077.png,,,,,0
test1078.png,,,,,0
test1079.png,,,,,0
test1080.png,,,,,0
test1081.png,,,,,0
test1082.png,,,,,0
test1083.png,,,,,0
test1084.png,,,,,0
test1085.png,,,,,0
test1086.png,,,,,0
test1087.png,,,,,0
test1088.png,,,,,0
test1089.png,,,,,0
test1090.png,,,,,0
test1091.png,,,,,0
test1092.png,,,,,0
test1093.png,,,,,0
test1094.png,,,,,0
test1095.png,,,,,0
test1096.png,,,,,0
test1097.png,,,,,0
test1098.png,,,,,0
test1099.png,,,,,0
test1100.png,,,,,0
test1101.png,,,,,0
test1102.png,,,,,0
test1103.png,,,,,0
test1104.png,,,,,0
test1105.png,,,,,0
test1106.png,,,,,0
test1107.png,,,,,0
test1108.png,,,,,0
test1109.png,,,,,0
test1110.png,,,,,0
test1111.png,,,,,0
test1112.png,,,,,0
test1113.png,,,,,0
test1114.png,,,,,0
test1115.png,,,,,0
test1116.png,,,,,0
test1117.png,,,,,0
test1118.png,,,,,0
test1119.png,,,,,0
test1120.png,,,,,0
test1121.png,,,,,0
test1122.png,,,,,0
test1123.png,,,,,0
test1124.png,,,,,0
test1125.png,,,,,0
test1126.png,,,,,0
test1127.png,,,,,0
test1128.png,,,,,0
test1129.png,,,,,0
test1130.png,,,,,0
test1131.png,,,,,0
test1132.png,,,,,0
test1133.png,,,,,0
test1134.png,,,,,0
test1135.png,,,,,0
test1136.png,,,,,0
test1137.png,,,,,0
test1138.png,,,,,0
test1139.png,,,,,0
test1140.png,,,,,0
test1141.png,,,,,0
test1142.png,,,,,0
test1143.png,,,,,0
test1144.png,204,170,294,620,1
test1144.png,716,234,288,616,1
test1145.png,,,,,0
test1146.png,,,,,0
test1147.png,,,,,0
test1148.png,,,,,0
test1149.png,,,,,0
test1150.png,598,296,276,620,1
test1151.png,,,,,0
test1152.png,,,,,0
test1153.png,,,,,0
test1154.png,,,,,0
test1155.png,,,,,0
test1156.png,,,,,0
test1157.png,,,,,0
test1158.png,,,,,0
test1159.png,,,,,0
test1160.png,,,,,0
test1161.png,,,,,0
test1162.png,,,,,0
test1163.png,,,,,0
test1164.png,,,,,0
test1165.png,,,,,0
test1166.png,,,,,0
test1167.png,,,,,0
test1168.png,,,,,0
test1169.png,,,,,0
test1170.png,,,,,0
test1171.png,,,,,0
test1172.png,,,,,0
test1173.png,,,,,0
test1174.png,,,,,0
test1175.png,,,,,0
test1176.png,,,,,0
test1177.png,,,,,0
test1178.png,,,,,0
test1179.png,,,,,0
test1180.png,,,,,0
test1181.png,,,,,0
test1182.png,,,,,0
test1183.png,,,,,0
test1184.png,,,,,0
test1185.png,,,,,0
test1186.png,,,,,0
test1187.png,,,,,0
test1188.png,,,,,0
test1189.png,,,,,0
test1190.png,,,,,0
test1191.png,,,,,0
test1192.png,,,,,0
test1193.png,,,,,0
test1194.png,,,,,0
test1195.png,,,,,0
test1196.png,,,,,0
test1197.png,,,,,0
test1198.png,,,,,0
test1199.png,,,,,0
test1200.png,,,,,0
test1201.png,,,,,0
test1202.png,,,,,0
test1203.png,,,,,0
test1204.png,,,,,0
test1205.png,,,,,0
test1206.png,,,,,0
test1207.png,,,,,0
test1208.png,,,,,0
test1209.png,,,,,0
test1210.png,,,,,0
test1211.png,,,,,0
test1212.png,,,,,0
test1213.png,,,,,0
test1214.png,,,,,0
test1215.png,,,,,0
test1216.png,,,,,0
test1217.png,,,,,0
test1218.png,,,,,0
test1219.png,,,,,0
test1220.png,,,,,0
test1221.png,,,,,0
test1222.png,,,,,0
test1223.png,,,,,0
test1224.png,,,,,0
test1225.png,,,,,0
test1226.png,,,,,0
test1227.png,,,,,0
test1228.png,,,,,0
test1229.png,,,,,0
test1230.png,,,,,0
test1231.png,,,,,0
test1232.png,,,,,0
test1233.png,,,,,0
test1234.png,,,,,0
test1235.png,,,,,0
test1236.png,,,,,0
test1237.png,,,,,0
test1238.png,,,,,0
test1239.png,,,,,0
test1240.png,,,,,0
test1241.png,,,,,0
test1242.png,,,,,0
test1243.png,,,,,0
test1244.png,,,,,0
test1245.png,,,,,0
test1246.png,,,,,0
test1247.png,,,,,0
test1248.png,,,,,0
test1249.png,,,,,0
test1250.png,,,,,0
test1251.png,,,,,0
test1252.png,,,,,0
test1253.png,,,,,0
test1254.png,,,,,0
test1255.png,,,,,0
test1256.png,,,,,0
test1257.png,150,190,278,578,1
test1258.png,,,,,0
test1259.png,,,,,0
test1260.png,,,,,0
test1261.png,,,,,0
test1262.png,,,,,0
test1263.png,,,,,0
test1264.png,,,,,0
test1265.png,,,,,0
test1266.png,,,,,0
test1267.png,,,,,0
test1268.png,,,,,0
test1269.png,,,,,0
test1270.png,,,,,0
test1271.png,,,,,0
test1272.png,,,,,0
test1273.png,,,,,0
test1274.png,,,,,0
test1275.png,,,,,0
test1276.png,,,,,0
test1277.png,,,,,0
test1278.png,,,,,0
test1279.png,,,,,0
test1280.png,,,,,0
test1281.png,,,,,0
test1282.png,,,,,0
test1283.png,,,,,0
test1284.png,,,,,0
test1285.png,,,,,0
test1286.png,,,,,0
test1287.png,,,,,0
test1288.png,,,,,0
test1289.png,,,,,0
test1290.png,,,,,0
test1291.png,,,,,0
test1292.png,,,,,0
test1293.png,,,,,0
test1294.png,,,,,0
test1295.png,,,,,0
test1296.png,,,,,0
test1297.png,,,,,0
test1298.png,,,,,0
test1299.png,,,,,0
test1300.png,,,,,0
test1301.png,,,,,0
test1302.png,,,,,0
test1303.png,,,,,0
test1304.png,88,162,274,506,1
test1305.png,,,,,0
test1306.png,,,,,0
test1307.png,,,,,0
test1308.png,,,,,0
test1309.png,,,,,0
test1310.png,,,,,0
test1311.png,,,,,0
test1312.png,,,,,0
test1313.png,272,308,290,596,1
test1314.png,,,,,0
test1315.png,,,,,0
test1316.png,,,,,0
test1317.png,,,,,0
test1318.png,,,,,0
test1319.png,,,,,0
test1320.png,,,,,0
test1321.png,,,,,0
test1322.png,,,,,0
test1323.png,,,,,0
test1324.png,,,,,0
test1325.png,,,,,0
test1326.png,,,,,0
test1327.png,,,,,0
test1328.png,,,,,0
test1329.png,,,,,0
test1330.png,,,,,0
test1331.png,,,,,0
test1332.png,,,,,0
test1333.png,,,,,0
test1334.png,,,,,0
test1335.png,,,,,0
test1336.png,,,,,0
test1337.png,,,,,0
test1338.png,,,,,0
test1339.png,,,,,0
test1340.png,,,,,0
test1341.png,,,,,0
test1342.png,,,,,0
test1343.png,,,,,0
test1344.png,,,,,0
test1345.png,,,,,0
test1346.png,,,,,0
test1347.png,272,208,284,538,1
test1348.png,,,,,0
test1349.png,,,,,0
test1350.png,,,,,0
test1351.png,,,,,0
test1352.png,,,,,0
test1353.png,,,,,0
test1354.png,,,,,0
test1355.png,,,,,0
test1356.png,,,,,0
test1357.png,,,,,0
test1358.png,,,,,0
test1359.png,,,,,0
test1360.png,,,,,0
test1361.png,,,,,0
test1362.png,,,,,0
test1363.png,,,,,0
test1364.png,,,,,0
test1365.png,,,,,0
test1366.png,,,,,0
test1367.png,,,,,0
test1368.png,,,,,0
test1369.png,,,,,0
test1370.png,,,,,0
test1371.png,,,,,0
test1372.png,,,,,0
test1373.png,,,,,0
test1374.png,,,,,0
test1375.png,,,,,0
test1376.png,,,,,0
test1377.png,,,,,0
test1378.png,,,,,0
test1379.png,,,,,0
test1380.png,,,,,0
test1381.png,,,,,0
test1382.png,270,170,290,616,1
test1383.png,,,,,0
test1384.png,,,,,0
test1385.png,,,,,0
test1386.png,,,,,0
test1387.png,,,,,0
test1388.png,,,,,0
test1389.png,,,,,0
test1390.png,,,,,0
test1391.png,,,,,0
test1392.png,,,,,0
test1393.png,,,,,0
test1394.png,,,,,0
test1395.png,598,194,266,568,1
test1396.png,,,,,0
test1397.png,,,,,0
test1398.png,,,,,0
test1399.png,,,,,0
test1400.png,,,,,0
test1401.png,,,,,0
test1402.png,,,,,0
test1403.png,,,,,0
test1404.png,,,,,0
test1405.png,,,,,0
test1406.png,,,,,0
test1407.png,,,,,0
test1408.png,,,,,0
test1409.png,,,,,0
test1410.png,,,,,0
test1411.png,,,,,0
test1412.png,,,,,0
test1413.png,,,,,0
test1414.png,,,,,0
test1415.png,,,,,0
test1416.png,,,,,0
test1417.png,,,,,0
test1418.png,,,,,0
test1419.png,,,,,0
test1420.png,,,,,0
test1421.png,,,,,0
test1422.png,,,,,0
test1423.png,,,,,0
test1424.png,,,,,0
test1425.png,,,,,0
test1426.png,,,,,0
test1427.png,,,,,0
test1428.png,,,,,0
test1429.png,,,,,0
test1430.png,,,,,0
test1431.png,,,,,0
test1432.png,,,,,0
test1433.png,,,,,0
test1434.png,,,,,0
test1435.png,,,,,0
test1436.png,,,,,0
test1437.png,,,,,0
test1438.png,,,,,0
test1439.png,,,,,0
test1440.png,,,,,0
test1441.png,,,,,0
test1442.png,,,,,0
test1443.png,,,,,0
test1444.png,,,,,0
test1445.png,,,,,0
test1446.png,,,,,0
test1447.png,,,,,0
test1448.png,,,,,0
test1449.png,,,,,0
test1450.png,,,,,0
test1451.png,,,,,0
test1452.png,,,,,0
test1453.png,,,,,0
test1454.png,,,,,0
test1455.png,,,,,0
test1456.png,,,,,0
test1457.png,,,,,0
test1458.png,,,,,0
test1459.png,,,,,0
test1460.png,,,,,0
test1461.png,,,,,0
test1462.png,,,,,0
test1463.png,,,,,0
test1464.png,,,,,0
test1465.png,,,,,0
test1466.png,,,,,0
test1467.png,,,,,0
test1468.png,,,,,0
test1469.png,,,,,0
test1470.png,,,,,0
test1471.png,,,,,0
test1472.png,,,,,0
test1473.png,,,,,0
test1474.png,,,,,0
test1475.png,,,,,0
test1476.png,,,,,0
test1477.png,,,,,0
test1478.png,,,,,0
test1479.png,,,,,0
test1480.png,,,,,0
test1481.png,,,,,0
test1482.png,,,,,0
test1483.png,,,,,0
test1484.png,,,,,0
test1485.png,,,,,0
test1486.png,,,,,0
test1487.png,,,,,0
test1488.png,,,,,0
test1489.png,,,,,0
test1490.png,,,,,0
test1491.png,,,,,0
test1492.png,,,,,0
test1493.png,,,,,0
test1494.png,,,,,0
test1495.png,,,,,0
test1496.png,,,,,0
test1497.png,,,,,0
test1498.png,,,,,0
test1499.png,,,,,0
test1500.png,,,,,0
test1501.png,,,,,0
test1502.png,,,,,0
test1503.png,,,,,0
test1504.png,,,,,0
test1505.png,,,,,0
test1506.png,,,,,0
test1507.png,,,,,0
test1508.png,,,,,0
test1509.png,,,,,0
test1510.png,,,,,0
test1511.png,,,,,0
test1512.png,,,,,0
test1513.png,,,,,0
test1514.png,,,,,0
test1515.png,,,,,0
test1516.png,,,,,0
test1517.png,,,,,0
test1518.png,,,,,0
test1519.png,,,,,0
test1520.png,,,,,0
test1521.png,,,,,0
test1522.png,,,,,0
test1523.png,,,,,0
test1524.png,,,,,0
test1525.png,,,,,0
test1526.png,,,,,0
test1527.png,,,,,0
test1528.png,,,,,0
test1529.png,,,,,0
test1530.png,,,,,0
test1531.png,,,,,0
test1532.png,,,,,0
test1533.png,,,,,0
test1534.png,,,,,0
test1535.png,,,,,0
test1536.png,,,,,0
test1537.png,,,,,0
test1538.png,,,,,0
test1539.png,,,,,0
test1540.png,,,,,0
test1541.png,,,,,0
test1542.png,,,,,0
test1543.png,,,,,0
test1544.png,,,,,0
test1545.png,,,,,0
test1546.png,,,,,0
test1547.png,,,,,0
test1548.png,,,,,0
test1549.png,,,,,0
test1550.png,,,,,0
test1551.png,,,,,0
test1552.png,,,,,0
test1553.png,,,,,0
test1554.png,,,,,0
test1555.png,,,,,0
test1556.png,,,,,0
test1557.png,,,,,0
test1558.png,,,,,0
test1559.png,,,,,0
test1560.png,,,,,0
test1561.png,,,,,0
test1562.png,,,,,0
test1563.png,,,,,0
test1564.png,,,,,0
test1565.png,,,,,0
test1566.png,,,,,0
test1567.png,,,,,0
test1568.png,,,,,0
test1569.png,,,,,0
test1570.png,,,,,0
test1571.png,,,,,0
test1572.png,,,,,0
test1573.png,,,,,0
test1574.png,,,,,0
test1575.png,,,,,0
test1576.png,,,,,0
test1577.png,,,,,0
test1578.png,,,,,0
test1579.png,,,,,0
test1580.png,,,,,0
test1581.png,,,,,0
test1582.png,,,,,0
test1583.png,,,,,0
test1584.png,,,,,0
test1585.png,,,,,0
test1586.png,,,,,0
test1587.png,,,,,0
test1588.png,,,,,0
test1589.png,,,,,0
test1590.png,,,,,0
test1591.png,,,,,0
test1592.png,,,,,0
test1593.png,,,,,0
test1594.png,,,,,0
test1595.png,,,,,0
test1596.png,,,,,0
test1597.png,,,,,0
test1598.png,,,,,0
test1599.png,,,,,0
test1600.png,,,,,0
test1601.png,,,,,0
test1602.png,,,,,0
test1603.png,,,,,0
test1604.png,,,,,0
test1605.png,,,,,0
test1606.png,,,,,0
test1607.png,,,,,0
test1608.png,,,,,0
test1609.png,,,,,0
test1610.png,,,,,0
test1611.png,,,,,0
test1612.png,,,,,0
test1613.png,,,,,0
test1614.png,,,,,0
test1615.png,,,,,0
test1616.png,,,,,0
test1617.png,,,,,0
test1618.png,,,,,0
test1619.png,,,,,0
test1620.png,,,,,0
test1621.png,,,,,0
test1622.png,,,,,0
test1623.png,,,,,0
test1624.png,,,,,0
test1625.png,,,,,0
test1626.png,,,,,0
test1627.png,,,,,0
test1628.png,,,,,0
test1629.png,,,,,0
test1630.png,,,,,0
test1631.png,,,,,0
test1632.png,,,,,0
test1633.png,,,,,0
test1634.png,,,,,0
test1635.png,,,,,0
test1636.png,,,,,0
test1637.png,,,,,0
test1638.png,,,,,0
test1639.png,,,,,0
test1640.png,,,,,0
test1641.png,,,,,0
test1642.png,,,,,0
test1643.png,,,,,0
test1644.png,,,,,0
test1645.png,,,,,0
test1646.png,,,,,0
test1647.png,,,,,0
test1648.png,,,,,0
test1649.png,,,,,0
test1650.png,,,,,0
test1651.png,,,,,0
test1652.png,,,,,0
test1653.png,,,,,0
test1654.png,,,,,0
test1655.png,,,,,0
test1656.png,,,,,0
test1657.png,,,,,0
test1658.png,,,,,0
test1659.png,,,,,0
test1660.png,,,,,0
test1661.png,,,,,0
test1662.png,,,,,0
test1663.png,,,,,0
test1664.png,,,,,0
test1665.png,,,,,0
test1666.png,,,,,0
test1667.png,,,,,0
test1668.png,,,,,0
test1669.png,,,,,0
test1670.png,,,,,0
test1671.png,,,,,0
test1672.png,,,,,0
test1673.png,,,,,0
test1674.png,,,,,0
test1675.png,,,,,0
test1676.png,,,,,0
test1677.png,,,,,0
test1678.png,,,,,0
test1679.png,,,,,0
test1680.png,,,,,0
test1681.png,,,,,0
test1682.png,,,,,0
test1683.png,,,,,0
test1684.png,,,,,0
test1685.png,,,,,0
test1686.png,,,,,0
test1687.png,,,,,0
test1688.png,,,,,0
test1689.png,,,,,0
test1690.png,,,,,0
test1691.png,,,,,0
test1692.png,,,,,0
test1693.png,,,,,0
test1694.png,,,,,0
test1695.png,,,,,0
test1696.png,,,,,0
test1697.png,,,,,0
test1698.png,,,,,0
test1699.png,,,,,0
test1700.png,,,,,0
test1701.png,,,,,0
test1702.png,,,,,0
test1703.png,,,,,0
test1704.png,,,,,0
test1705.png,,,,,0
test1706.png,,,,,0
test1707.png,,,,,0
test1708.png,,,,,0
test1709.png,,,,,0
test1710.png,,,,,0
test1711.png,,,,,0
test1712.png,,,,,0
test1713.png,,,,,0
test1714.png,,,,,0
test1715.png,,,,,0
test1716.png,342,182,272,592,1
test1717.png,,,,,0
test1718.png,,,,,0
test1719.png,,,,,0
test1720.png,,,,,0
test1721.png,,,,,0
test1722.png,,,,,0
test1723.png,,,,,0
test1724.png,,,,,0
test1725.png,,,,,0
test1726.png,,,,,0
test1727.png,,,,,0
test1728.png,,,,,0
test1729.png,,,,,0
test1730.png,,,,,0
test1731.png,,,,,0
test1732.png,,,,,0
test1733.png,,,,,0
test1734.png,,,,,0
test1735.png,,,,,0
test1736.png,,,,,0
test1737.png,,,,,0
test1738.png,,,,,0
test1739.png,,,,,0
test1740.png,,,,,0
test1741.png,,,,,0
test1742.png,,,,,0
test1743.png,,,,,0
test1744.png,,,,,0
test1745.png,,,,,0
test1746.png,,,,,0
test1747.png,,,,,0
test1748.png,,,,,0
test1749.png,,,,,0
test1750.png,,,,,0
test1751.png,,,,,0
test1752.png,,,,,0
test1753.png,,,,,0
test1754.png,,,,,0
test1755.png,,,,,0
test1756.png,,,,,0
test1757.png,,,,,0
test1758.png,,,,,0
test1759.png,,,,,0
test1760.png,,,,,0
test1761.png,,,,,0
test1762.png,,,,,0
test1763.png,,,,,0
test1764.png,,,,,0
test1765.png,,,,,0
test1766.png,,,,,0
test1767.png,,,,,0
test1768.png,,,,,0
test1769.png,,,,,0
test1770.png,,,,,0
test1771.png,,,,,0
test1772.png,,,,,0
test1773.png,76,288,296,510,1
test1774.png,,,,,0
test1775.png,,,,,0
test1776.png,,,,,0
test1777.png,,,,,0
test1778.png,,,,,0
test1779.png,,,,,0
test1780.png,,,,,0
test1781.png,,,,,0
test1782.png,,,,,0
test1783.png,,,,,0
test1784.png,,,,,0
test1785.png,,,,,0
test1786.png,,,,,0
test1787.png,,,,,0
test1788.png,,,,,0
test1789.png,,,,,0
test1790.png,,,,,0
test1791.png,,,,,0
test1792.png,,,,,0
test1793.png,,,,,0
test1794.png,,,,,0
test1795.png,,,,,0
test1796.png,,,,,0
test1797.png,,,,,0
test1798.png,,,,,0
test1799.png,,,,,0
test1800.png,,,,,0
test1801.png,,,,,0
test1802.png,,,,,0
test1803.png,,,,,0
test1804.png,,,,,0
test1805.png,,,,,0
test1806.png,,,,,0
test1807.png,,,,,0
test1808.png,,,,,0
test1809.png,,,,,0
test1810.png,,,,,0
test1811.png,,,,,0
test1812.png,,,,,0
test1813.png,,,,,0
test1814.png,,,,,0
test1815.png,,,,,0
test1816.png,,,,,0
test1817.png,,,,,0
test1818.png,,,,,0
test1819.png,212,154,276,520,1
test1820.png,,,,,0
test1821.png,,,,,0
test1822.png,,,,,0
test1823.png,,,,,0
test1824.png,,,,,0
test1825.png,,,,,0
test1826.png,,,,,0
test1827.png,,,,,0
test1828.png,,,,,0
test1829.png,,,,,0
test1830.png,,,,,0
test1831.png,,,,,0
test1832.png,,,,,0
test1833.png,,,,,0
test1834.png,,,,,0
test1835.png,,,,,0
test1836.png,,,,,0
test1837.png,,,,,0
test1838.png,,,,,0
test1839.png,,,,,0
test1840.png,,,,,0
test1841.png,,,,,0
test1842.png,,,,,0
test1843.png,,,,,0
test1844.png,,,,,0
test1845.png,,,,,0
test1846.png,,,,,0
test1847.png,,,,,0
test1848.png,,,,,0
test1849.png,,,,,0
test1850.png,,,,,0
test1851.png,,,,,0
test1852.png,,,,,0
test1853.png,,,,,0
test1854.png,,,,,0
test1855.png,,,,,0
test1856.png,,,,,0
test1857.png,,,,,0
test1858.png,,,,,0
test1859.png,,,,,0
test1860.png,,,,,0
test1861.png,,,,,0
test1862.png,,,,,0
test1863.png,,,,,0
test1864.png,,,,,0
test1865.png,,,,,0
test1866.png,,,,,0
test1867.png,,,,,0
test1868.png,,,,,0
test1869.png,,,,,0
test1870.png,,,,,0
test1871.png,,,,,0
test1872.png,,,,,0
test1873.png,,,,,0
test1874.png,,,,,0
test1875.png,,,,,0
test1876.png,,,,,0
test1877.png,,,,,0
test1878.png,,,,,0
test1879.png,,,,,0
test1880.png,,,,,0
test1881.png,,,,,0
test1882.png,,,,,0
test1883.png,,,,,0
test1884.png,,,,,0
test1885.png,,,,,0
test1886.png,,,,,0
test1887.png,,,,,0
test1888.png,,,,,0
test1889.png,,,,,0
test1890.png,,,,,0
test1891.png,,,,,0
test1892.png,,,,,0
test1893.png,,,,,0
test1894.png,,,,,0
test1895.png,,,,,0
test1896.png,,,,,0
test1897.png,,,,,0
test1898.png,,,,,0
test1899.png,,,,,0
test1900.png,,,,,0
test1901.png,,,,,0
test1902.png,,,,,0
test1903.png,,,,,0
test1904.png,,,,,0
test1905.png,,,,,0
test1906.png,,,,,0
test1907.png,,,,,0
test1908.png,,,,,0
test1909.png,,,,,0
test1910.png,,,,,0
test1911.png,,,,,0
test1912.png,,,,,0
test1913.png,,,,,0
test1914.png,,,,,0
test1915.png,,,,,0
test1916.png,,,,,0
test1917.png,,,,,0
test1918.png,,,,,0
test1919.png,,,,,0
test1920.png,,,,,0
test1921.png,,,,,0
test1922.png,,,,,0
test1923.png,,,,,0
test1924.png,,,,,0
test1925.png,,,,,0
test1926.png,,,,,0
test1927.png,,,,,0
test1928.png,,,,,0
test1929.png,,,,,0
test1930.png,,,,,0
test1931.png,,,,,0
test1932.png,,,,,0
test1933.png,,,,,0
test1934.png,,,,,0
test1935.png,,,,,0
test1936.png,,,,,0
test1937.png,,,,,0
test1938.png,,,,,0
test1939.png,,,,,0
test1940.png,,,,,0
test1941.png,,,,,0
test1942.png,,,,,0
test1943.png,,,,,0
test1944.png,,,,,0
test1945.png,,,,,0
test1946.png,,,,,0
test1947.png,,,,,0
test1948.png,,,,,0
test1949.png,,,,,0
test1950.png,,,,,0
test1951.png,,,,,0
test1952.png,,,,,0
test1953.png,,,,,0
test1954.png,,,,,0
test1955.png,,,,,0
test1956.png,,,,,0
test1957.png,,,,,0
test1958.png,,,,,0
test1959.png,,,,,0
test1960.png,,,,,0
test1961.png,,,,,0
test1962.png,,,,,0
test1963.png,,,,,0
test1964.png,,,,,0
test1965.png,,,,,0
test1966.png,,,,,0
test1967.png,,,,,0
test1968.png,,,,,0
test1969.png,,,,,0
test1970.png,,,,,0
test1971.png,,,,,0
test1972.png,,,,,0
test1973.png,,,,,0
test1974.png,,,,,0
test1975.png,,,,,0
test1976.png,,,,,0
test1977.png,,,,,0
test1978.png,,,,,0
test1979.png,,,,,0
test1980.png,,,,,0
test1981.png,,,,,0
test1982.png,,,,,0
test1983.png,,,,,0
test1984.png,,,,,0
test1985.png,,,,,0
test1986.png,,,,,0
test1987.png,,,,,0
test1988.png,,,,,0
test1989.png,,,,,0
test1990.png,,,,,0
test1991.png,,,,,0
test1992.png,,,,,0
test1993.png,,,,,0
test1994.png,,,,,0
test1995.png,,,,,0
test1996.png,,,,,0
test1997.png,,,,,0
test1998.png,,,,,0
test1999.png,,,,,0
test2000.png,,,,,0
test2001.png,,,,,0
test2002.png,,,,,0
test2003.png,,,,,0
test2004.png,,,,,0
test2005.png,,,,,0
test2006.png,,,,,0
test2007.png,,,,,0
test2008.png,,,,,0
test2009.png,,,,,0
test2010.png,,,,,0
test2011.png,,,,,0
test2012.png,,,,,0
test2013.png,,,,,0
test2014.png,,,,,0
test2015.png,,,,,0
test2016.png,,,,,0
test2017.png,,,,,0
test2018.png,,,,,0
test2019.png,,,,,0
test2020.png,,,,,0
test2021.png,,,,,0
test2022.png,,,,,0
test2023.png,,,,,0
test2024.png,,,,,0
test2025.png,,,,,0
test2026.png,,,,,0
test2027.png,,,,,0
test2028.png,,,,,0
test2029.png,,,,,0
test2030.png,,,,,0
test2031.png,,,,,0
test2032.png,,,,,0
test2033.png,,,,,0
test2034.png,,,,,0
test2035.png,,,,,0
test2036.png,,,,,0
test2037.png,,,,,0
test2038.png,,,,,0
test2039.png,,,,,0
test2040.png,,,,,0
test2041.png,,,,,0
test2042.png,,,,,0
test2043.png,,,,,0
test2044.png,,,,,0
test2045.png,,,,,0
test2046.png,,,,,0
test2047.png,,,,,0
test2048.png,,,,,0
test2049.png,,,,,0
test2050.png,,,,,0
test2051.png,,,,,0
test2052.png,,,,,0
test2053.png,,,,,0
test2054.png,,,,,0
test2055.png,,,,,0
test2056.png,,,,,0
test2057.png,,,,,0
test2058.png,,,,,0
test2059.png,,,,,0
test2060.png,,,,,0
test2061.png,,,,,0
test2062.png,,,,,0
test2063.png,,,,,0
test2064.png,,,,,0
test2065.png,,,,,0
test2066.png,,,,,0
test2067.png,,,,,0
test2068.png,,,,,0
test2069.png,,,,,0
test2070.png,,,,,0
test2071.png,,,,,0
test2072.png,,,,,0
test2073.png,,,,,0
test2074.png,,,,,0
test2075.png,,,,,0
test2076.png,,,,,0
test2077.png,,,,,0
test2078.png,,,,,0
test2079.png,,,,,0
test2080.png,,,,,0
test2081.png,,,,,0
test2082.png,,,,,0
test2083.png,,,,,0
test2084.png,,,,,0
test2085.png,,,,,0
test2086.png,,,,,0
test2087.png,,,,,0
test2088.png,,,,,0
test2089.png,,,,,0
test2090.png,,,,,0
test2091.png,,,,,0
test2092.png,,,,,0
test2093.png,,,,,0
test2094.png,,,,,0
test2095.png,,,,,0
test2096.png,,,,,0
test2097.png,,,,,0
test2098.png,,,,,0
test2099.png,,,,,0
test2100.png,,,,,0
test2101.png,,,,,0
test2102.png,,,,,0
test2103.png,,,,,0
test2104.png,,,,,0
test2105.png,,,,,0
test2106.png,,,,,0
test2107.png,,,,,0
test2108.png,,,,,0
test2109.png,,,,,0
test2110.png,,,,,0
test2111.png,,,,,0
test2112.png,,,,,0
test2113.png,,,,,0
test2114.png,,,,,0
test2115.png,212,208,272,536,1
test2116.png,,,,,0
test2117.png,,,,,0
test2118.png,,,,,0
test2119.png,,,,,0
test2120.png,,,,,0
test2121.png,,,,,0
test2122.png,,,,,0
test2123.png,,,,,0
test2124.png,,,,,0
test2125.png,,,,,0
test2126.png,,,,,0
test2127.png,,,,,0
test2128.png,,,,,0
test2129.png,,,,,0
test2130.png,,,,,0
test2131.png,,,,,0
test2132.png,,,,,0
test2133.png,,,,,0
test2134.png,,,,,0
test2135.png,,,,,0
test2136.png,,,,,0
test2137.png,,,,,0
test2138.png,,,,,0
test2139.png,,,,,0
test2140.png,,,,,0
test2141.png,,,,,0
test2142.png,,,,,0
test2143.png,,,,,0
test2144.png,,,,,0
test2145.png,,,,,0
test2146.png,,,,,0
test2147.png,,,,,0
test2148.png,,,,,0
test2149.png,,,,,0
test2150.png,,,,,0
test2151.png,,,,,0
test2152.png,,,,,0
test2153.png,,,,,0
test2154.png,,,,,0
test2155.png,,,,,0
test2156.png,,,,,0
test2157.png,,,,,0
test2158.png,,,,,0
test2159.png,,,,,0
test2160.png,,,,,0
test2161.png,,,,,0
test2162.png,,,,,0
test2163.png,,,,,0
test2164.png,,,,,0
test2165.png,,,,,0
test2166.png,,,,,0
test2167.png,,,,,0
test2168.png,,,,,0
test2169.png,,,,,0
test2170.png,,,,,0
test2171.png,,,,,0
test2172.png,,,,,0
test2173.png,,,,,0
test2174.png,,,,,0
test2175.png,,,,,0
test2176.png,,,,,0
test2177.png,,,,,0
test2178.png,,,,,0
test2179.png,,,,,0
test2180.png,,,,,0
test2181.png,,,,,0
test2182.png,,,,,0
test2183.png,,,,,0
test2184.png,,,,,0
test2185.png,,,,,0
test2186.png,,,,,0
test2187.png,,,,,0
test2188.png,,,,,0
test2189.png,,,,,0
test2190.png,,,,,0
test2191.png,,,,,0
test2192.png,,,,,0
test2193.png,,,,,0
test2194.png,,,,,0
test2195.png,,,,,0
test2196.png,,,,,0
test2197.png,,,,,0
test2198.png,,,,,0
test2199.png,,,,,0
test2200.png,,,,,0
test2201.png,,,,,0
test2202.png,,,,,0
test2203.png,,,,,0
test2204.png,,,,,0
test2205.png,,,,,0
test2206.png,,,,,0
test2207.png,,,,,0
test2208.png,,,,,0
test2209.png,,,,,0
test2210.png,,,,,0
test2211.png,,,,,0
test2212.png,,,,,0
test2213.png,278,212,270,532,1
test2214.png,,,,,0
test2215.png,,,,,0
test2216.png,,,,,0
test2217.png,,,,,0
test2218.png,,,,,0
test2219.png,,,,,0
test2220.png,,,,,0
test2221.png,,,,,0
test2222.png,,,,,0
test2223.png,,,,,0
test2224.png,,,,,0
test2225.png,,,,,0
test2226.png,,,,,0
test2227.png,,,,,0
test2228.png,,,,,0
test2229.png,,,,,0
test2230.png,,,,,0
test2231.png,,,,,0
test2232.png,,,,,0
test2233.png,,,,,0
test2234.png,,,,,0
test2235.png,,,,,0
test2236.png,,,,,0
test2237.png,,,,,0
test2238.png,,,,,0
test2239.png,,,,,0
test2240.png,,,,,0
test2241.png,,,,,0
test2242.png,,,,,0
test2243.png,,,,,0
test2244.png,,,,,0
test2245.png,,,,,0
test2246.png,,,,,0
test2247.png,,,,,0
test2248.png,,,,,0
test2249.png,,,,,0
test2250.png,,,,,0
test2251.png,,,,,0
test2252.png,,,,,0
test2253.png,,,,,0
test2254.png,,,,,0
test2255.png,,,,,0
test2256.png,,,,,0
test2257.png,,,,,0
test2258.png,,,,,0
test2259.png,,,,,0
test2260.png,,,,,0
test2261.png,,,,,0
test2262.png,,,,,0
test2263.png,,,,,0
test2264.png,,,,,0
test2265.png,,,,,0
test2266.png,,,,,0
test2267.png,,,,,0
test2268.png,,,,,0
test2269.png,,,,,0
test2270.png,,,,,0
test2271.png,,,,,0
test2272.png,,,,,0
test2273.png,,,,,0
test2274.png,,,,,0
test2275.png,,,,,0
test2276.png,,,,,0
test2277.png,,,,,0
test2278.png,,,,,0
test2279.png,,,,,0
test2280.png,,,,,0
test2281.png,,,,,0
test2282.png,,,,,0
test2283.png,,,,,0
test2284.png,,,,,0
test2285.png,,,,,0
test2286.png,,,,,0
test2287.png,,,,,0
test2288.png,,,,,0
test2289.png,,,,,0
test2290.png,,,,,0
test2291.png,,,,,0
test2292.png,,,,,0
test2293.png,,,,,0
test2294.png,,,,,0
test2295.png,,,,,0
test2296.png,,,,,0
test2297.png,,,,,0
test2298.png,,,,,0
test2299.png,,,,,0
test2300.png,,,,,0
test2301.png,,,,,0
test2302.png,,,,,0
test2303.png,,,,,0
test2304.png,,,,,0
test2305.png,,,,,0
test2306.png,,,,,0
test2307.png,,,,,0
test2308.png,,,,,0
test2309.png,,,,,0
test2310.png,,,,,0
test2311.png,,,,,0
test2312.png,,,,,0
test2313.png,,,,,0
test2314.png,,,,,0
test2315.png,,,,,0
test2316.png,,,,,0
test2317.png,,,,,0
test2318.png,,,,,0
test2319.png,,,,,0
test2320.png,,,,,0
test2321.png,,,,,0
test2322.png,,,,,0
test2323.png,,,,,0
test2324.png,,,,,0
test2325.png,,,,,0
test2326.png,,,,,0
test2327.png,,,,,0
test2328.png,,,,,0
test2329.png,,,,,0
test2330.png,,,,,0
test2331.png,,,,,0
test2332.png,,,,,0
test2333.png,,,,,0
test2334.png,,,,,0
test2335.png,,,,,0
test2336.png,,,,,0
test2337.png,,,,,0
test2338.png,,,,,0
test2339.png,,,,,0
test2340.png,86,248,274,590,1
test2341.png,,,,,0
test2342.png,,,,,0
test2343.png,,,,,0
test2344.png,,,,,0
test2345.png,,,,,0
test2346.png,,,,,0
test2347.png,,,,,0
test2348.png,146,112,282,476,1
test2349.png,,,,,0
test2350.png,,,,,0
test2351.png,,,,,0
test2352.png,,,,,0
test2353.png,,,,,0
test2354.png,,,,,0
test2355.png,,,,,0
test2356.png,,,,,0
test2357.png,,,,,0
test2358.png,,,,,0
test2359.png,148,252,278,578,1
test2359.png,528,236,286,610,1
test2360.png,,,,,0
test2361.png,,,,,0
test2362.png,,,,,0
test2363.png,,,,,0
test2364.png,,,,,0
test2365.png,,,,,0
test2366.png,,,,,0
test2367.png,,,,,0
test2368.png,,,,,0
test2369.png,,,,,0
test2370.png,,,,,0
test2371.png,,,,,0
test2372.png,,,,,0
test2373.png,,,,,0
test2374.png,,,,,0
test2375.png,,,,,0
test2376.png,,,,,0
test2377.png,,,,,0
test2378.png,,,,,0
test2379.png,,,,,0
test2380.png,,,,,0
test2381.png,,,,,0
test2382.png,,,,,0
test2383.png,,,,,0
test2384.png,,,,,0
test2385.png,,,,,0
test2386.png,,,,,0
test2387.png,,,,,0
test2388.png,,,,,0
test2389.png,,,,,0
test2390.png,,,,,0
test2391.png,,,,,0
test2392.png,,,,,0
test2393.png,,,,,0
test2394.png,,,,,0
test2395.png,,,,,0
test2396.png,,,,,0
test2397.png,,,,,0
test2398.png,,,,,0
test2399.png,,,,,0
test2400.png,,,,,0
test2401.png,,,,,0
test2402.png,,,,,0
test2403.png,,,,,0
test2404.png,,,,,0
test2405.png,,,,,0
test2406.png,,,,,0
test2407.png,,,,,0
test2408.png,,,,,0
test2409.png,,,,,0
test2410.png,,,,,0
test2411.png,,,,,0
test2412.png,,,,,0
test2413.png,,,,,0
test2414.png,,,,,0
test2415.png,,,,,0
test2416.png,,,,,0
test2417.png,,,,,0
test2418.png,,,,,0
test2419.png,,,,,0
test2420.png,,,,,0
test2421.png,,,,,0
test2422.png,,,,,0
test2423.png,,,,,0
test2424.png,,,,,0
test2425.png,,,,,0
test2426.png,,,,,0
test2427.png,,,,,0
test2428.png,,,,,0
test2429.png,,,,,0
test2430.png,,,,,0
test2431.png,,,,,0
test2432.png,,,,,0
test2433.png,,,,,0
test2434.png,,,,,0
test2435.png,,,,,0
test2436.png,,,,,0
test2437.png,,,,,0
test2438.png,,,,,0
test2439.png,,,,,0
test2440.png,,,,,0
test2441.png,,,,,0
test2442.png,,,,,0
test2443.png,,,,,0
test2444.png,,,,,0
test2445.png,,,,,0
test2446.png,,,,,0
test2447.png,,,,,0
test2448.png,,,,,0
test2449.png,,,,,0
test2450.png,,,,,0
test2451.png,,,,,0
test2452.png,,,,,0
test2453.png,,,,,0
test2454.png,,,,,0
test2455.png,,,,,0
test2456.png,,,,,0
test2457.png,,,,,0
test2458.png,,,,,0
test2459.png,,,,,0
test2460.png,,,,,0
test2461.png,,,,,0
test2462.png,,,,,0
test2463.png,,,,,0
test2464.png,,,,,0
test2465.png,,,,,0
test2466.png,,,,,0
test2467.png,,,,,0
test2468.png,,,,,0
test2469.png,,,,,0
test2470.png,,,,,0
test2471.png,,,,,0
test2472.png,,,,,0
test2473.png,,,,,0
test2474.png,,,,,0
test2475.png,,,,,0
test2476.png,,,,,0
test2477.png,,,,,0
test2478.png,,,,,0
test2479.png,,,,,0
test2480.png,,,,,0
test2481.png,,,,,0
test2482.png,,,,,0
test2483.png,,,,,0
test2484.png,,,,,0
test2485.png,,,,,0
test2486.png,,,,,0
test2487.png,,,,,0
test2488.png,,,,,0
test2489.png,,,,,0
test2490.png,,,,,0
test2491.png,,,,,0
test2492.png,,,,,0
test2493.png,,,,,0
test2494.png,,,,,0
test2495.png,,,,,0
test2496.png,,,,,0
test2497.png,,,,,0
test2498.png,,,,,0
test2499.png,,,,,0
test2500.png,,,,,0
test2501.png,,,,,0
test2502.png,,,,,0
test2503.png,,,,,0
test2504.png,,,,,0
test2505.png,,,,,0
test2506.png,,,,,0
test2507.png,,,,,0
test2508.png,,,,,0
test2509.png,,,,,0
test2510.png,,,,,0
test2511.png,,,,,0
test2512.png,,,,,0
test2513.png,,,,,0
test2514.png,,,,,0
test2515.png,,,,,0
test2516.png,,,,,0
test2517.png,,,,,0
test2518.png,,,,,0
test2519.png,,,,,0
test2520.png,,,,,0
test2521.png,,,,,0
test2522.png,,,,,0
test2523.png,,,,,0
test2524.png,,,,,0
test2525.png,,,,,0
test2526.png,,,,,0
test2527.png,,,,,0
test2528.png,,,,,0
test2529.png,,,,,0
test2530.png,,,,,0
test2531.png,,,,,0
test2532.png,,,,,0
test2533.png,,,,,0
test2534.png,,,,,0
test2535.png,,,,,0
test2536.png,,,,,0
test2537.png,,,,,0
test2538.png,,,,,0
test2539.png,,,,,0
test2540.png,,,,,0
test2541.png,,,,,0
test2542.png,,,,,0
test2543.png,,,,,0
test2544.png,,,,,0
test2545.png,,,,,0
test2546.png,,,,,0
test2547.png,,,,,0
test2548.png,,,,,0
test2549.png,,,,,0
test2550.png,,,,,0
test2551.png,,,,,0
test2552.png,,,,,0
test2553.png,,,,,0
test2554.png,,,,,0
test2555.png,,,,,0
test2556.png,,,,,0
test2557.png,,,,,0
test2558.png,,,,,0
test2559.png,,,,,0
test2560.png,,,,,0
test2561.png,,,,,0
test2562.png,,,,,0
test2563.png,,,,,0
test2564.png,,,,,0
test2565.png,,,,,0
test2566.png,,,,,0
test2567.png,,,,,0
test2568.png,,,,,0
test2569.png,,,,,0
test2570.png,,,,,0
test2571.png,,,,,0
test2572.png,,,,,0
test2573.png,,,,,0
test2574.png,,,,,0
test2575.png,,,,,0
test2576.png,,,,,0
test2577.png,,,,,0
test2578.png,,,,,0
test2579.png,,,,,0
test2580.png,,,,,0
test2581.png,,,,,0
test2582.png,,,,,0
test2583.png,,,,,0
test2584.png,,,,,0
test2585.png,,,,,0
test2586.png,,,,,0
test2587.png,,,,,0
test2588.png,,,,,0
test2589.png,,,,,0
test2590.png,,,,,0
test2591.png,,,,,0
test2592.png,,,,,0
test2593.png,,,,,0
test2594.png,,,,,0
test2595.png,,,,,0
test2596.png,,,,,0
test2597.png,,,,,0
test2598.png,,,,,0
test2599.png,,,,,0
test2600.png,,,,,0
test2601.png,,,,,0
test2602.png,,,,,0
test2603.png,,,,,0
test2604.png,,,,,0
test2605.png,,,,,0
test2606.png,,,,,0
test2607.png,,,,,0
test2608.png,,,,,0
test2609.png,,,,,0
test2610.png,,,,,0
test2611.png,218,206,268,544,1
test2612.png,,,,,0
test2613.png,,,,,0
test2614.png,,,,,0
test2615.png,,,,,0
test2616.png,,,,,0
test2617.png,,,,,0
test2618.png,,,,,0
test2619.png,,,,,0
test2620.png,,,,,0
test2621.png,,,,,0
test2622.png,,,,,0
test2623.png,,,,,0
test2624.png,,,,,0
test2625.png,,,,,0
test2626.png,,,,,0
test2627.png,,,,,0
test2628.png,,,,,0
test2629.png,,,,,0
test2630.png,,,,,0
test2631.png,,,,,0
test2632.png,,,,,0
test2633.png,,,,,0
test2634.png,,,,,0
test2635.png,,,,,0
test2636.png,,,,,0
test2637.png,,,,,0
test2638.png,,,,,0
test2639.png,,,,,0
test2640.png,,,,,0
test2641.png,,,,,0
test2642.png,,,,,0
test2643.png,,,,,0
test2644.png,,,,,0
test2645.png,,,,,0
test2646.png,,,,,0
test2647.png,,,,,0
test2648.png,,,,,0
test2649.png,,,,,0
test2650.png,,,,,0
test2651.png,,,,,0
test2652.png,,,,,0
test2653.png,,,,,0
test2654.png,,,,,0
test2655.png,,,,,0
test2656.png,,,,,0
test2657.png,,,,,0
test2658.png,,,,,0
test2659.png,,,,,0
test2660.png,,,,,0
test2661.png,,,,,0
test2662.png,,,,,0
test2663.png,,,,,0
test2664.png,,,,,0
test2665.png,,,,,0
test2666.png,,,,,0
test2667.png,,,,,0
test2668.png,,,,,0
test2669.png,,,,,0
test2670.png,,,,,0
test2671.png,,,,,0
test2672.png,,,,,0
test2673.png,,,,,0
test2674.png,,,,,0
test2675.png,,,,,0
test2676.png,,,,,0
test2677.png,,,,,0
test2678.png,,,,,0
test2679.png,,,,,0
test2680.png,,,,,0
test2681.png,,,,,0
test2682.png,,,,,0
test2683.png,,,,,0
test2684.png,,,,,0
test2685.png,,,,,0
test2686.png,,,,,0
test2687.png,,,,,0
test2688.png,,,,,0
test2689.png,,,,,0
test2690.png,,,,,0
test2691.png,,,,,0
test2692.png,,,,,0
test2693.png,,,,,0
test2694.png,,,,,0
test2695.png,,,,,0
test2696.png,,,,,0
test2697.png,,,,,0
test2698.png,,,,,0
test2699.png,,,,,0
test2700.png,,,,,0
test2701.png,,,,,0
test2702.png,,,,,0
test2703.png,,,,,0
test2704.png,,,,,0
test2705.png,,,,,0
test2706.png,,,,,0
test2707.png,,,,,0
test2708.png,,,,,0
test2709.png,,,,,0
test2710.png,,,,,0
test2711.png,,,,,0
test2712.png,,,,,0
test2713.png,,,,,0
test2714.png,,,,,0
test2715.png,,,,,0
test2716.png,,,,,0
test2717.png,,,,,0
test2718.png,,,,,0
test2719.png,,,,,0
test2720.png,,,,,0
test2721.png,,,,,0
test2722.png,,,,,0
test2723.png,,,,,0
test2724.png,,,,,0
test2725.png,,,,,0
test2726.png,,,,,0
test2727.png,,,,,0
test2728.png,,,,,0
test2729.png,148,188,276,582,1
test2730.png,,,,,0
test2731.png,,,,,0
test2732.png,,,,,0
test2733.png,,,,,0
test2734.png,,,,,0
test2735.png,,,,,0
test2736.png,,,,,0
test2737.png,,,,,0
test2738.png,,,,,0
test2739.png,,,,,0
test2740.png,,,,,0
test2741.png,,,,,0
test2742.png,,,,,0
test2743.png,,,,,0
test2744.png,,,,,0
test2745.png,,,,,0
test2746.png,,,,,0
test2747.png,,,,,0
test2748.png,,,,,0
test2749.png,,,,,0
test2750.png,,,,,0
test2751.png,,,,,0
test2752.png,,,,,0
test2753.png,,,,,0
test2754.png,,,,,0
test2755.png,,,,,0
test2756.png,,,,,0
test2757.png,,,,,0
test2758.png,,,,,0
test2759.png,,,,,0
test2760.png,,,,,0
test2761.png,,,,,0
test2762.png,,,,,0
test2763.png,,,,,0
test2764.png,,,,,0
test2765.png,,,,,0
test2766.png,,,,,0
test2767.png,,,,,0
test2768.png,,,,,0
test2769.png,,,,,0
test2770.png,,,,,0
test2771.png,,,,,0
test2772.png,,,,,0
test2773.png,,,,,0
test2774.png,,,,,0
test2775.png,,,,,0
test2776.png,,,,,0
test2777.png,,,,,0
test2778.png,,,,,0
test2779.png,,,,,0
test2780.png,,,,,0
test2781.png,,,,,0
test2782.png,,,,,0
test2783.png,,,,,0
test2784.png,,,,,0
test2785.png,,,,,0
test2786.png,,,,,0
test2787.png,,,,,0
test2788.png,,,,,0
test2789.png,,,,,0
test2790.png,,,,,0
test2791.png,,,,,0
test2792.png,,,,,0
test2793.png,,,,,0
test2794.png,,,,,0
test2795.png,,,,,0
test2796.png,,,,,0
test2797.png,,,,,0
test2798.png,,,,,0
test2799.png,,,,,0
test2800.png,,,,,0
test2801.png,,,,,0
test2802.png,,,,,0
test2803.png,,,,,0
test2804.png,,,,,0
test2805.png,,,,,0
test2806.png,,,,,0
test2807.png,,,,,0
test2808.png,,,,,0
test2809.png,,,,,0
test2810.png,,,,,0
test2811.png,,,,,0
test2812.png,,,,,0
test2813.png,,,,,0
test2814.png,,,,,0
test2815.png,,,,,0
test2816.png,,,,,0
test2817.png,,,,,0
test2818.png,,,,,0
test2819.png,,,,,0
test2820.png,,,,,0
test2821.png,530,182,278,592,1
test2822.png,,,,,0
test2823.png,,,,,0
test2824.png,,,,,0
test2825.png,,,,,0
test2826.png,,,,,0
test2827.png,,,,,0
test2828.png,,,,,0
test2829.png,,,,,0
test2830.png,,,,,0
test2831.png,,,,,0
test2832.png,,,,,0
test2833.png,,,,,0
test2834.png,,,,,0
test2835.png,,,,,0
test2836.png,,,,,0
test2837.png,,,,,0
test2838.png,,,,,0
test2839.png,,,,,0
test2840.png,,,,,0
test2841.png,,,,,0
test2842.png,,,,,0
test2843.png,,,,,0
test2844.png,,,,,0
test2845.png,,,,,0
test2846.png,,,,,0
test2847.png,,,,,0
test2848.png,,,,,0
test2849.png,,,,,0
test2850.png,,,,,0
test2851.png,,,,,0
test2852.png,,,,,0
test2853.png,,,,,0
test2854.png,,,,,0
test2855.png,,,,,0
test2856.png,,,,,0
test2857.png,,,,,0
test2858.png,,,,,0
test2859.png,,,,,0
test2860.png,,,,,0
test2861.png,,,,,0
test2862.png,,,,,0
test2863.png,,,,,0
test2864.png,,,,,0
test2865.png,,,,,0
test2866.png,,,,,0
test2867.png,,,,,0
test2868.png,,,,,0
test2869.png,,,,,0
test2870.png,,,,,0
test2871.png,,,,,0
test2872.png,,,,,0
test2873.png,,,,,0
test2874.png,,,,,0
test2875.png,,,,,0
test2876.png,,,,,0
test2877.png,,,,,0
test2878.png,,,,,0
test2879.png,,,,,0
test2880.png,,,,,0
test2881.png,,,,,0
test2882.png,,,,,0
test2883.png,,,,,0
test2884.png,,,,,0
test2885.png,,,,,0
test2886.png,,,,,0
test2887.png,,,,,0
test2888.png,,,,,0
test2889.png,,,,,0
test2890.png,,,,,0
test2891.png,,,,,0
test2892.png,,,,,0
test2893.png,,,,,0
test2894.png,,,,,0
test2895.png,,,,,0
test2896.png,,,,,0
test2897.png,,,,,0
test2898.png,,,,,0
test2899.png,,,,,0
test2900.png,,,,,0
test2901.png,,,,,0
test2902.png,,,,,0
test2903.png,,,,,0
test2904.png,,,,,0
test2905.png,,,,,0
test2906.png,,,,,0
test2907.png,,,,,0
test2908.png,,,,,0
test2909.png,,,,,0
test2910.png,,,,,0
test2911.png,,,,,0
test2912.png,,,,,0
test2913.png,,,,,0
test2914.png,,,,,0
test2915.png,,,,,0
test2916.png,,,,,0
test2917.png,,,,,0
test2918.png,,,,,0
test2919.png,,,,,0
test2920.png,,,,,0
test2921.png,,,,,0
test2922.png,,,,,0
test2923.png,,,,,0
test2924.png,,,,,0
test2925.png,,,,,0
test2926.png,,,,,0
test2927.png,,,,,0
test2928.png,,,,,0
test2929.png,,,,,0
test2930.png,,,,,0
test2931.png,,,,,0
test2932.png,,,,,0
test2933.png,,,,,0
test2934.png,,,,,0
test2935.png,,,,,0
test2936.png,,,,,0
test2937.png,,,,,0
test2938.png,,,,,0
test2939.png,,,,,0
test2940.png,,,,,0
test2941.png,,,,,0
test2942.png,,,,,0
test2943.png,,,,,0
test2944.png,,,,,0
test2945.png,,,,,0
test2946.png,,,,,0
test2947.png,,,,,0
test2948.png,,,,,0
test2949.png,,,,,0
test2950.png,,,,,0
test2951.png,,,,,0
test2952.png,,,,,0
test2953.png,,,,,0
test2954.png,,,,,0
test2955.png,,,,,0
test2956.png,,,,,0
test2957.png,,,,,0
test2958.png,,,,,0
test2959.png,,,,,0
test2960.png,,,,,0
test2961.png,,,,,0
test2962.png,,,,,0
test2963.png,,,,,0
test2964.png,,,,,0
test2965.png,,,,,0
test2966.png,,,,,0
test2967.png,,,,,0
test2968.png,,,,,0
test2969.png,,,,,0
test2970.png,,,,,0
test2971.png,,,,,0
test2972.png,,,,,0
test2973.png,,,,,0
test2974.png,,,,,0
test2975.png,,,,,0
test2976.png,,,,,0
test2977.png,,,,,0
test2978.png,,,,,0
test2979.png,,,,,0
test2980.png,,,,,0
test2981.png,,,,,0
test2982.png,,,,,0
test2983.png,,,,,0
test2984.png,,,,,0
test2985.png,,,,,0
test2986.png,,,,,0
test2987.png,,,,,0
test2988.png,,,,,0
test2989.png,,,,,0
test2990.png,,,,,0
test2991.png,,,,,0
test2992.png,,,,,0
test2993.png,,,,,0
test2994.png,,,,,0
test2995.png,,,,,0
test2996.png,,,,,0
test2997.png,,,,,0
test2998.png,,,,,0
test2999.png,,,,,0
test3000.png,,,,,0
test3001.png,,,,,0
test3002.png,,,,,0
test3003.png,,,,,0
test3004.png,,,,,0
test3005.png,,,,,0
test3006.png,,,,,0
test3007.png,,,,,0
test3008.png,,,,,0
test3009.png,,,,,0
test3010.png,,,,,0
test3011.png,,,,,0
test3012.png,,,,,0
test3013.png,,,,,0
test3014.png,,,,,0
test3015.png,,,,,0
test3016.png,,,,,0
test3017.png,,,,,0
test3018.png,,,,,0
test3019.png,,,,,0
test3020.png,,,,,0
test3021.png,,,,,0
test3022.png,,,,,0
test3023.png,,,,,0
test3024.png,,,,,0
test3025.png,,,,,0
test3026.png,,,,,0
test3027.png,,,,,0
test3028.png,,,,,0
test3029.png,,,,,0
test3030.png,,,,,0
test3031.png,,,,,0
test3032.png,,,,,0
test3033.png,142,234,294,618,1
test3033.png,594,268,280,548,1
test3034.png,,,,,0
test3035.png,,,,,0
test3036.png,,,,,0
test3037.png,,,,,0
test3038.png,,,,,0
test3039.png,,,,,0
test3040.png,,,,,0
test3041.png,,,,,0
test3042.png,,,,,0
test3043.png,,,,,0
test3044.png,,,,,0
test3045.png,,,,,0
test3046.png,,,,,0
test3047.png,,,,,0
test3048.png,,,,,0
test3049.png,,,,,0
test3050.png,,,,,0
test3051.png,,,,,0
test3052.png,,,,,0
test3053.png,,,,,0
test3054.png,,,,,0
test3055.png,,,,,0
test3056.png,,,,,0
test3057.png,,,,,0
test3058.png,,,,,0
test3059.png,,,,,0
test3060.png,,,,,0
test3061.png,,,,,0
test3062.png,,,,,0
test3063.png,,,,,0
test3064.png,,,,,0
test3065.png,,,,,0
test3066.png,,,,,0
test3067.png,,,,,0
test3068.png,,,,,0
test3069.png,,,,,0
test3070.png,,,,,0
test3071.png,,,,,0
test3072.png,,,,,0
test3073.png,,,,,0
test3074.png,,,,,0
test3075.png,,,,,0
test3076.png,,,,,0
test3077.png,,,,,0
test3078.png,,,,,0
test3079.png,,,,,0
test3080.png,,,,,0
test3081.png,,,,,0
test3082.png,,,,,0
test3083.png,,,,,0
test3084.png,,,,,0
test3085.png,,,,,0
test3086.png,,,,,0
test3087.png,,,,,0
test3088.png,,,,,0
test3089.png,,,,,0
test3090.png,,,,,0
test3091.png,,,,,0
test3092.png,,,,,0
test3093.png,,,,,0
test3094.png,,,,,0
test3095.png,,,,,0
test3096.png,,,,,0
test3097.png,,,,,0
test3098.png,,,,,0
test3099.png,,,,,0
test3100.png,,,,,0
test3101.png,146,154,284,650,1
test3102.png,,,,,0
test3103.png,,,,,0
test3104.png,,,,,0
test3105.png,,,,,0
test3106.png,,,,,0
test3107.png,,,,,0
test3108.png,,,,,0
test3109.png,,,,,0
test3110.png,,,,,0
test3111.png,,,,,0
test3112.png,,,,,0
test3113.png,,,,,0
test3114.png,,,,,0
test3115.png,,,,,0
test3116.png,,,,,0
test3117.png,,,,,0
test3118.png,,,,,0
test3119.png,,,,,0
test3120.png,,,,,0
test3121.png,,,,,0
test3122.png,,,,,0
test3123.png,,,,,0
test3124.png,,,,,0
test3125.png,,,,,0
test3126.png,,,,,0
test3127.png,,,,,0
test3128.png,,,,,0
test3129.png,,,,,0
test3130.png,,,,,0
test3131.png,,,,,0
test3132.png,,,,,0
test3133.png,,,,,0
test3134.png,,,,,0
test3135.png,,,,,0
test3136.png,,,,,0
test3137.png,,,,,0
test3138.png,,,,,0
test3139.png,,,,,0
test3140.png,,,,,0
test3141.png,,,,,0
test3142.png,,,,,0
test3143.png,,,,,0
test3144.png,,,,,0
test3145.png,,,,,0
test3146.png,,,,,0
test3147.png,,,,,0
test3148.png,,,,,0
test3149.png,,,,,0
test3150.png,,,,,0
test3151.png,,,,,0
test3152.png,,,,,0
test3153.png,,,,,0
test3154.png,,,,,0
test3155.png,,,,,0
test3156.png,,,,,0
test3157.png,,,,,0
test3158.png,,,,,0
test3159.png,,,,,0
test3160.png,,,,,0
test3161.png,,,,,0
test3162.png,,,,,0
test3163.png,,,,,0
test3164.png,,,,,0
test3165.png,,,,,0
test3166.png,,,,,0
test3167.png,,,,,0
test3168.png,,,,,0
test3169.png,,,,,0
test3170.png,,,,,0
test3171.png,,,,,0
test3172.png,,,,,0
test3173.png,,,,,0
test3174.png,,,,,0
test3175.png,,,,,0
test3176.png,,,,,0
test3177.png,,,,,0
test3178.png,,,,,0
test3179.png,,,,,0
test3180.png,,,,,0
test3181.png,,,,,0
test3182.png,,,,,0
test3183.png,,,,,0
test3184.png,,,,,0
test3185.png,,,,,0
test3186.png,,,,,0
test3187.png,,,,,0
test3188.png,,,,,0
test3189.png,,,,,0
test3190.png,,,,,0
test3191.png,,,,,0
test3192.png,,,,,0
test3193.png,,,,,0
test3194.png,,,,,0
test3195.png,,,,,0
test3196.png,,,,,0
test3197.png,,,,,0
test3198.png,,,,,0
test3199.png,,,,,0
test3200.png,,,,,0
test3201.png,,,,,0
test3202.png,,,,,0
test3203.png,,,,,0
test3204.png,,,,,0
test3205.png,,,,,0
test3206.png,,,,,0
test3207.png,,,,,0
test3208.png,,,,,0
test3209.png,,,,,0
test3210.png,,,,,0
test3211.png,,,,,0
test3212.png,,,,,0
test3213.png,,,,,0
test3214.png,,,,,0
test3215.png,,,,,0
test3216.png,,,,,0
test3217.png,,,,,0
test3218.png,,,,,0
test3219.png,,,,,0
test3220.png,,,,,0
test3221.png,,,,,0
test3222.png,,,,,0
test3223.png,,,,,0
test3224.png,,,,,0
test3225.png,,,,,0
test3226.png,,,,,0
test3227.png,,,,,0
test3228.png,,,,,0
test3229.png,,,,,0
test3230.png,,,,,0
test3231.png,,,,,0
test3232.png,,,,,0
test3233.png,,,,,0
test3234.png,,,,,0
test3235.png,,,,,0
test3236.png,,,,,0
test3237.png,,,,,0
test3238.png,,,,,0
test3239.png,,,,,0
test3240.png,,,,,0
test3241.png,,,,,0
test3242.png,,,,,0
test3243.png,,,,,0
test3244.png,,,,,0
test3245.png,,,,,0
test3246.png,,,,,0
test3247.png,,,,,0
test3248.png,,,,,0
test3249.png,,,,,0
test3250.png,,,,,0
test3251.png,,,,,0
test3252.png,,,,,0
test3253.png,,,,,0
test3254.png,,,,,0
test3255.png,,,,,0
test3256.png,,,,,0
test3257.png,,,,,0
test3258.png,,,,,0
test3259.png,,,,,0
test3260.png,,,,,0
test3261.png,,,,,0
test3262.png,,,,,0
test3263.png,,,,,0
test3264.png,,,,,0
test3265.png,,,,,0
test3266.png,,,,,0
test3267.png,,,,,0
test3268.png,,,,,0
test3269.png,,,,,0
test3270.png,,,,,0
test3271.png,,,,,0
test3272.png,,,,,0
test3273.png,,,,,0
test3274.png,,,,,0
test3275.png,,,,,0
test3276.png,,,,,0
test3277.png,,,,,0
test3278.png,,,,,0
test3279.png,,,,,0
test3280.png,,,,,0
test3281.png,146,248,286,588,1
test3282.png,,,,,0
test3283.png,,,,,0
test3284.png,,,,,0
test3285.png,,,,,0
test3286.png,,,,,0
test3287.png,,,,,0
test3288.png,,,,,0
test3289.png,,,,,0
test3290.png,,,,,0
test3291.png,,,,,0
test3292.png,532,156,284,644,1
test3293.png,,,,,0
test3294.png,,,,,0
test3295.png,,,,,0
test3296.png,,,,,0
test3297.png,,,,,0
test3298.png,,,,,0
test3299.png,,,,,0
test3300.png,,,,,0
test3301.png,,,,,0
test3302.png,,,,,0
test3303.png,,,,,0
test3304.png,,,,,0
test3305.png,,,,,0
test3306.png,,,,,0
test3307.png,,,,,0
test3308.png,,,,,0
test3309.png,,,,,0
test3310.png,,,,,0
test3311.png,,,,,0
test3312.png,,,,,0
test3313.png,,,,,0
test3314.png,,,,,0
test3315.png,,,,,0
test3316.png,,,,,0
test3317.png,,,,,0
test3318.png,,,,,0
test3319.png,,,,,0
test3320.png,,,,,0
test3321.png,,,,,0
test3322.png,,,,,0
test3323.png,,,,,0
test3324.png,,,,,0
test3325.png,,,,,0
test3326.png,,,,,0
test3327.png,,,,,0
test3328.png,,,,,0
test3329.png,,,,,0
test3330.png,,,,,0
test3331.png,,,,,0
test3332.png,,,,,0
test3333.png,,,,,0
test3334.png,,,,,0
test3335.png,,,,,0
test3336.png,,,,,0
test3337.png,,,,,0
test3338.png,,,,,0
test3339.png,,,,,0
test3340.png,,,,,0
test3341.png,,,,,0
test3342.png,,,,,0
test3343.png,,,,,0
test3344.png,,,,,0
test3345.png,,,,,0
test3346.png,,,,,0
test3347.png,,,,,0
test3348.png,,,,,0
test3349.png,,,,,0
test3350.png,,,,,0
test3351.png,,,,,0
test3352.png,,,,,0
test3353.png,,,,,0
test3354.png,,,,,0
test3355.png,,,,,0
test3356.png,,,,,0
test3357.png,,,,,0
test3358.png,,,,,0
test3359.png,,,,,0
test3360.png,,,,,0
test3361.png,,,,,0
test3362.png,,,,,0
test3363.png,,,,,0
test3364.png,,,,,0
test3365.png,,,,,0
test3366.png,144,198,288,560,1
test3367.png,,,,,0
test3368.png,,,,,0
test3369.png,,,,,0
test3370.png,,,,,0
test3371.png,,,,,0
test3372.png,,,,,0
test3373.png,,,,,0
test3374.png,,,,,0
test3375.png,,,,,0
test3376.png,,,,,0
test3377.png,,,,,0
test3378.png,,,,,0
test3379.png,,,,,0
test3380.png,,,,,0
test3381.png,,,,,0
test3382.png,,,,,0
test3383.png,,,,,0
test3384.png,,,,,0
test3385.png,,,,,0
test3386.png,,,,,0
test3387.png,,,,,0
test3388.png,,,,,0
test3389.png,,,,,0
test3390.png,,,,,0
test3391.png,,,,,0
test3392.png,,,,,0
test3393.png,,,,,0
test3394.png,,,,,0
test3395.png,,,,,0
test3396.png,,,,,0
test3397.png,,,,,0
test3398.png,,,,,0
test3399.png,,,,,0
test3400.png,,,,,0
test3401.png,,,,,0
test3402.png,,,,,0
test3403.png,,,,,0
test3404.png,,,,,0
test3405.png,,,,,0
test3406.png,,,,,0
test3407.png,,,,,0
test3408.png,,,,,0
test3409.png,,,,,0
test3410.png,210,210,280,534,1
test3411.png,,,,,0
test3412.png,,,,,0
test3413.png,,,,,0
test3414.png,,,,,0
test3415.png,,,,,0
test3416.png,,,,,0
test3417.png,,,,,0
test3418.png,,,,,0
test3419.png,,,,,0
test3420.png,,,,,0
test3421.png,,,,,0
test3422.png,,,,,0
test3423.png,,,,,0
test3424.png,,,,,0
test3425.png,,,,,0
test3426.png,,,,,0
test3427.png,,,,,0
test3428.png,,,,,0
test3429.png,,,,,0
test3430.png,,,,,0
test3431.png,,,,,0
test3432.png,,,,,0
test3433.png,,,,,0
test3434.png,,,,,0
test3435.png,,,,,0
test3436.png,,,,,0
test3437.png,,,,,0
test3438.png,,,,,0
test3439.png,,,,,0
test3440.png,,,,,0
test3441.png,,,,,0
test3442.png,,,,,0
test3443.png,,,,,0
test3444.png,,,,,0
test3445.png,,,,,0
test3446.png,,,,,0
test3447.png,,,,,0
test3448.png,,,,,0
test3449.png,,,,,0
test3450.png,,,,,0
test3451.png,,,,,0
test3452.png,,,,,0
test3453.png,,,,,0
test3454.png,,,,,0
test3455.png,,,,,0
test3456.png,,,,,0
test3457.png,,,,,0
test3458.png,,,,,0
test3459.png,,,,,0
test3460.png,,,,,0
test3461.png,,,,,0
test3462.png,,,,,0
test3463.png,,,,,0
test3464.png,,,,,0
test3465.png,,,,,0
test3466.png,,,,,0
test3467.png,,,,,0
test3468.png,,,,,0
test3469.png,,,,,0
test3470.png,,,,,0
test3471.png,,,,,0
test3472.png,,,,,0
test3473.png,,,,,0
test3474.png,,,,,0
test3475.png,,,,,0
test3476.png,,,,,0
test3477.png,,,,,0
test3478.png,,,,,0
test3479.png,,,,,0
test3480.png,,,,,0
test3481.png,,,,,0
test3482.png,,,,,0
test3483.png,,,,,0
test3484.png,,,,,0
test3485.png,,,,,0
test3486.png,,,,,0
test3487.png,,,,,0
test3488.png,,,,,0
test3489.png,,,,,0
test3490.png,,,,,0
test3491.png,,,,,0
test3492.png,,,,,0
test3493.png,,,,,0
test3494.png,,,,,0
test3495.png,,,,,0
test3496.png,,,,,0
test3497.png,,,,,0
test3498.png,,,,,0
test3499.png,,,,,0
test3500.png,,,,,0
test3501.png,,,,,0
test3502.png,,,,,0
test3503.png,,,,,0
test3504.png,,,,,0
test3505.png,,,,,0
test3506.png,,,,,0
test3507.png,,,,,0
test3508.png,,,,,0
test3509.png,,,,,0
test3510.png,,,,,0
test3511.png,,,,,0
test3512.png,,,,,0
test3513.png,,,,,0
test3514.png,,,,,0
test3515.png,,,,,0
test3516.png,,,,,0
test3517.png,,,,,0
test3518.png,,,,,0
test3519.png,,,,,0
test3520.png,,,,,0
test3521.png,,,,,0
test3522.png,,,,,0
test3523.png,,,,,0
test3524.png,,,,,0
test3525.png,,,,,0
test3526.png,,,,,0
test3527.png,,,,,0
test3528.png,,,,,0
test3529.png,,,,,0
test3530.png,,,,,0
test3531.png,,,,,0
test3532.png,,,,,0
test3533.png,,,,,0
test3534.png,,,,,0
test3535.png,,,,,0
test3536.png,,,,,0
test3537.png,,,,,0
test3538.png,,,,,0
test3539.png,,,,,0
test3540.png,,,,,0
test3541.png,,,,,0
test3542.png,,,,,0
test3543.png,,,,,0
test3544.png,,,,,0
test3545.png,,,,,0
test3546.png,,,,,0
test3547.png,,,,,0
test3548.png,,,,,0
test3549.png,,,,,0
test3550.png,,,,,0
test3551.png,,,,,0
test3552.png,,,,,0
test3553.png,,,,,0
test3554.png,,,,,0
test3555.png,,,,,0
test3556.png,,,,,0
test3557.png,,,,,0
test3558.png,,,,,0
test3559.png,,,,,0
test3560.png,,,,,0
test3561.png,,,,,0
test3562.png,,,,,0
test3563.png,,,,,0
test3564.png,,,,,0
test3565.png,,,,,0
test3566.png,,,,,0
test3567.png,,,,,0
test3568.png,,,,,0
test3569.png,,,,,0
test3570.png,,,,,0
test3571.png,,,,,0
test3572.png,,,,,0
test3573.png,,,,,0
test3574.png,,,,,0
test3575.png,,,,,0
test3576.png,,,,,0
test3577.png,,,,,0
test3578.png,,,,,0
test3579.png,,,,,0
test3580.png,,,,,0
test3581.png,,,,,0
test3582.png,,,,,0
test3583.png,,,,,0
test3584.png,,,,,0
test3585.png,,,,,0
test3586.png,,,,,0
test3587.png,,,,,0
test3588.png,,,,,0
test3589.png,,,,,0
test3590.png,,,,,0
test3591.png,,,,,0
test3592.png,,,,,0
test3593.png,,,,,0
test3594.png,,,,,0
test3595.png,,,,,0
test3596.png,,,,,0
test3597.png,,,,,0
test3598.png,,,,,0
test3599.png,,,,,0
test3600.png,,,,,0
test3601.png,,,,,0
test3602.png,,,,,0
test3603.png,,,,,0
test3604.png,,,,,0
test3605.png,,,,,0
test3606.png,,,,,0
test3607.png,,,,,0
test3608.png,,,,,0
test3609.png,,,,,0
test3610.png,,,,,0
test3611.png,,,,,0
test3612.png,,,,,0
test3613.png,,,,,0
test3614.png,,,,,0
test3615.png,,,,,0
test3616.png,,,,,0
test3617.png,,,,,0
test3618.png,,,,,0
test3619.png,,,,,0
test3620.png,,,,,0
test3621.png,,,,,0
test3622.png,,,,,0
test3623.png,,,,,0
test3624.png,,,,,0
test3625.png,,,,,0
test3626.png,,,,,0
test3627.png,,,,,0
test3628.png,,,,,0
test3629.png,,,,,0
test3630.png,,,,,0
test3631.png,,,,,0
test3632.png,,,,,0
test3633.png,,,,,0
test3634.png,,,,,0
test3635.png,,,,,0
test3636.png,,,,,0
test3637.png,,,,,0
test3638.png,,,,,0
test3639.png,,,,,0
test3640.png,,,,,0
test3641.png,,,,,0
test3642.png,,,,,0
test3643.png,,,,,0
test3644.png,,,,,0
test3645.png,,,,,0
test3646.png,,,,,0
test3647.png,,,,,0
test3648.png,,,,,0
test3649.png,,,,,0
test3650.png,,,,,0
test3651.png,,,,,0
test3652.png,,,,,0
test3653.png,,,,,0
test3654.png,,,,,0
test3655.png,,,,,0
test3656.png,,,,,0
test3657.png,,,,,0
test3658.png,,,,,0
test3659.png,,,,,0
test3660.png,,,,,0
test3661.png,,,,,0
test3662.png,,,,,0
test3663.png,,,,,0
test3664.png,,,,,0
test3665.png,,,,,0
test3666.png,,,,,0
test3667.png,,,,,0
test3668.png,,,,,0
test3669.png,,,,,0
test3670.png,,,,,0
test3671.png,,,,,0
test3672.png,,,,,0
test3673.png,,,,,0
test3674.png,,,,,0
test3675.png,,,,,0
test3676.png,,,,,0
test3677.png,,,,,0
test3678.png,,,,,0
test3679.png,,,,,0
test3680.png,,,,,0
test3681.png,,,,,0
test3682.png,,,,,0
test3683.png,,,,,0
test3684.png,,,,,0
test3685.png,,,,,0
test3686.png,,,,,0
test3687.png,,,,,0
test3688.png,,,,,0
test3689.png,,,,,0
test3690.png,,,,,0
test3691.png,,,,,0
test3692.png,,,,,0
test3693.png,,,,,0
test3694.png,,,,,0
test3695.png,,,,,0
test3696.png,,,,,0
test3697.png,,,,,0
test3698.png,,,,,0
test3699.png,,,,,0
test3700.png,,,,,0
test3701.png,,,,,0
test3702.png,,,,,0
test3703.png,,,,,0
test3704.png,,,,,0
test3705.png,,,,,0
test3706.png,,,,,0
test3707.png,,,,,0
test3708.png,,,,,0
test3709.png,,,,,0
test3710.png,,,,,0
test3711.png,,,,,0
test3712.png,,,,,0
test3713.png,,,,,0
test3714.png,,,,,0
test3715.png,,,,,0
test3716.png,,,,,0
test3717.png,,,,,0
test3718.png,,,,,0
test3719.png,,,,,0
test3720.png,,,,,0
test3721.png,,,,,0
test3722.png,,,,,0
test3723.png,,,,,0
test3724.png,,,,,0
test3725.png,,,,,0
test3726.png,,,,,0
test3727.png,,,,,0
test3728.png,,,,,0
test3729.png,,,,,0
test3730.png,,,,,0
test3731.png,,,,,0
test3732.png,,,,,0
test3733.png,,,,,0
test3734.png,,,,,0
test3735.png,,,,,0
test3736.png,,,,,0
test3737.png,,,,,0
test3738.png,,,,,0
test3739.png,278,150,268,528,1
test3740.png,,,,,0
test3741.png,,,,,0
test3742.png,,,,,0
test3743.png,,,,,0
test3744.png,,,,,0
test3745.png,,,,,0
test3746.png,,,,,0
test3747.png,,,,,0
test3748.png,,,,,0
test3749.png,,,,,0
test3750.png,,,,,0
test3751.png,,,,,0
test3752.png,,,,,0
test3753.png,,,,,0
test3754.png,,,,,0
test3755.png,,,,,0
test3756.png,,,,,0
test3757.png,,,,,0
test3758.png,,,,,0
test3759.png,,,,,0
test3760.png,,,,,0
test3761.png,,,,,0
test3762.png,,,,,0
test3763.png,,,,,0
test3764.png,,,,,0
test3765.png,,,,,0
test3766.png,,,,,0
test3767.png,,,,,0
test3768.png,,,,,0
test3769.png,,,,,0
test3770.png,,,,,0
test3771.png,,,,,0
test3772.png,,,,,0
test3773.png,,,,,0
test3774.png,,,,,0
test3775.png,,,,,0
test3776.png,,,,,0
test3777.png,,,,,0
test3778.png,,,,,0
test3779.png,,,,,0
test3780.png,,,,,0
test3781.png,,,,,0
test3782.png,,,,,0
test3783.png,,,,,0
test3784.png,,,,,0
test3785.png,,,,,0
test3786.png,,,,,0
test3787.png,,,,,0
test3788.png,,,,,0
test3789.png,,,,,0
test3790.png,,,,,0
test3791.png,,,,,0
test3792.png,,,,,0
test3793.png,,,,,0
test3794.png,,,,,0
test3795.png,,,,,0
test3796.png,,,,,0
test3797.png,,,,,0
test3798.png,,,,,0
test3799.png,,,,,0
test3800.png,,,,,0
test3801.png,,,,,0
test3802.png,,,,,0
test3803.png,,,,,0
test3804.png,,,,,0
test3805.png,,,,,0
test3806.png,,,,,0
test3807.png,,,,,0
test3808.png,,,,,0
test3809.png,,,,,0
test3810.png,,,,,0
test3811.png,,,,,0
test3812.png,,,,,0
test3813.png,,,,,0
test3814.png,,,,,0
test3815.png,,,,,0
test3816.png,,,,,0
test3817.png,,,,,0
test3818.png,,,,,0
test3819.png,,,,,0
test3820.png,,,,,0
test3821.png,,,,,0
test3822.png,,,,,0
test3823.png,,,,,0
test3824.png,,,,,0
test3825.png,,,,,0
test3826.png,,,,,0
test3827.png,,,,,0
test3828.png,,,,,0
test3829.png,,,,,0
test3830.png,,,,,0
test3831.png,,,,,0
test3832.png,,,,,0
test3833.png,,,,,0
test3834.png,,,,,0
test3835.png,,,,,0
test3836.png,,,,,0
test3837.png,,,,,0
test3838.png,,,,,0
test3839.png,,,,,0
test3840.png,,,,,0
test3841.png,,,,,0
test3842.png,,,,,0
test3843.png,,,,,0
test3844.png,,,,,0
test3845.png,,,,,0
test3846.png,,,,,0
test3847.png,,,,,0
test3848.png,,,,,0
test3849.png,,,,,0
test3850.png,,,,,0
test3851.png,,,,,0
test3852.png,,,,,0
test3853.png,,,,,0
test3854.png,,,,,0
test3855.png,,,,,0
test3856.png,,,,,0
test3857.png,536,196,274,566,1
test3858.png,,,,,0
test3859.png,,,,,0
test3860.png,,,,,0
test3861.png,,,,,0
test3862.png,,,,,0
test3863.png,,,,,0
test3864.png,,,,,0
test3865.png,,,,,0
test3866.png,,,,,0
test3867.png,,,,,0
test3868.png,152,344,270,526,1
test3869.png,,,,,0
test3870.png,,,,,0
test3871.png,,,,,0
test3872.png,,,,,0
test3873.png,,,,,0
test3874.png,,,,,0
test3875.png,,,,,0
test3876.png,,,,,0
test3877.png,,,,,0
test3878.png,,,,,0
test3879.png,,,,,0
test3880.png,,,,,0
test3881.png,,,,,0
test3882.png,,,,,0
test3883.png,,,,,0
test3884.png,,,,,0
test3885.png,,,,,0
test3886.png,,,,,0
test3887.png,,,,,0
test3888.png,,,,,0
test3889.png,,,,,0
test3890.png,,,,,0
test3891.png,,,,,0
test3892.png,,,,,0
test3893.png,,,,,0
test3894.png,,,,,0
test3895.png,,,,,0
test3896.png,,,,,0
test3897.png,,,,,0
test3898.png,,,,,0
test3899.png,,,,,0
test3900.png,,,,,0
test3901.png,,,,,0
test3902.png,,,,,0
test3903.png,,,,,0
test3904.png,,,,,0
test3905.png,,,,,0
test3906.png,,,,,0
test3907.png,,,,,0
test3908.png,,,,,0
test3909.png,,,,,0
test3910.png,,,,,0
test3911.png,,,,,0
test3912.png,,,,,0
test3913.png,,,,,0
test3914.png,,,,,0
test3915.png,,,,,0
test3916.png,,,,,0
test3917.png,,,,,0
test3918.png,,,,,0
test3919.png,,,,,0
test3920.png,,,,,0
test3921.png,,,,,0
test3922.png,,,,,0
test3923.png,,,,,0
test3924.png,,,,,0
test3925.png,,,,,0
test3926.png,,,,,0
test3927.png,,,,,0
test3928.png,,,,,0
test3929.png,,,,,0
test3930.png,,,,,0
test3931.png,,,,,0
test3932.png,,,,,0
test3933.png,,,,,0
test3934.png,,,,,0
test3935.png,,,,,0
test3936.png,,,,,0
test3937.png,,,,,0
test3938.png,,,,,0
test3939.png,,,,,0
test3940.png,,,,,0
test3941.png,,,,,0
test3942.png,,,,,0
test3943.png,,,,,0
test3944.png,206,124,290,582,1
test3945.png,,,,,0
test3946.png,,,,,0
test3947.png,,,,,0
test3948.png,220,252,260,580,1
test3949.png,,,,,0
test3950.png,,,,,0
test3951.png,,,,,0
test3952.png,,,,,0
test3953.png,,,,,0
test3954.png,,,,,0
test3955.png,,,,,0
test3956.png,,,,,0
test3957.png,,,,,0
test3958.png,,,,,0
test3959.png,,,,,0
test3960.png,,,,,0
test3961.png,,,,,0
test3962.png,,,,,0
test3963.png,,,,,0
test3964.png,,,,,0
test3965.png,,,,,0
test3966.png,,,,,0
test3967.png,,,,,0
test3968.png,,,,,0
test3969.png,,,,,0
test3970.png,,,,,0
test3971.png,,,,,0
test3972.png,,,,,0
test3973.png,,,,,0
test3974.png,,,,,0
test3975.png,,,,,0
test3976.png,,,,,0
test3977.png,,,,,0
test3978.png,,,,,0
test3979.png,,,,,0
test3980.png,,,,,0
test3981.png,,,,,0
test3982.png,,,,,0
test3983.png,,,,,0
test3984.png,,,,,0
test3985.png,,,,,0
test3986.png,,,,,0
test3987.png,,,,,0
test3988.png,,,,,0
test3989.png,,,,,0
test3990.png,,,,,0
test3991.png,,,,,0
test3992.png,,,,,0
test3993.png,,,,,0
test3994.png,,,,,0
test3995.png,,,,,0
test3996.png,,,,,0
test3997.png,,,,,0
test3998.png,,,,,0
test3999.png,,,,,0
test4000.png,,,,,0
test4001.png,,,,,0
test4002.png,,,,,0
test4003.png,,,,,0
test4004.png,,,,,0
test4005.png,,,,,0
test4006.png,,,,,0
test4007.png,,,,,0
test4008.png,,,,,0
test4009.png,,,,,0
test4010.png,,,,,0
test4011.png,,,,,0
test4012.png,,,,,0
test4013.png,,,,,0
test4014.png,,,,,0
test4015.png,,,,,0
test4016.png,,,,,0
test4017.png,,,,,0
test4018.png,,,,,0
test4019.png,,,,,0
test4020.png,,,,,0
test4021.png,,,,,0
test4022.png,,,,,0
test4023.png,,,,,0
test4024.png,,,,,0
test4025.png,,,,,0
test4026.png,,,,,0
test4027.png,,,,,0
test4028.png,,,,,0
test4029.png,,,,,0
test4030.png,,,,,0
test4031.png,,,,,0
test4032.png,,,,,0
test4033.png,,,,,0
test4034.png,,,,,0
test4035.png,,,,,0
test4036.png,,,,,0
test4037.png,,,,,0
test4038.png,,,,,0
test4039.png,,,,,0
test4040.png,,,,,0
test4041.png,,,,,0
test4042.png,,,,,0
test4043.png,,,,,0
test4044.png,146,232,282,618,1
test4045.png,,,,,0
test4046.png,,,,,0
test4047.png,,,,,0
test4048.png,,,,,0
test4049.png,,,,,0
test4050.png,,,,,0
test4051.png,,,,,0
test4052.png,,,,,0
test4053.png,,,,,0
test4054.png,,,,,0
test4055.png,,,,,0
test4056.png,,,,,0
test4057.png,,,,,0
test4058.png,,,,,0
test4059.png,,,,,0
test4060.png,,,,,0
test4061.png,,,,,0
test4062.png,,,,,0
test4063.png,,,,,0
test4064.png,,,,,0
test4065.png,,,,,0
test4066.png,,,,,0
test4067.png,,,,,0
test4068.png,,,,,0
test4069.png,,,,,0
test4070.png,,,,,0
test4071.png,,,,,0
test4072.png,,,,,0
test4073.png,,,,,0
test4074.png,,,,,0
test4075.png,,,,,0
test4076.png,,,,,0
test4077.png,,,,,0
test4078.png,,,,,0
test4079.png,,,,,0
test4080.png,,,,,0
test4081.png,,,,,0
test4082.png,,,,,0
test4083.png,,,,,0
test4084.png,,,,,0
test4085.png,,,,,0
test4086.png,,,,,0
test4087.png,,,,,0
test4088.png,,,,,0
test4089.png,,,,,0
test4090.png,,,,,0
test4091.png,,,,,0
test4092.png,,,,,0
test4093.png,,,,,0
test4094.png,,,,,0
test4095.png,,,,,0
test4096.png,,,,,0
test4097.png,,,,,0
test4098.png,,,,,0
test4099.png,,,,,0
test4100.png,,,,,0
test4101.png,,,,,0
test4102.png,,,,,0
test4103.png,,,,,0
test4104.png,,,,,0
test4105.png,,,,,0
test4106.png,,,,,0
test4107.png,,,,,0
test4108.png,,,,,0
test4109.png,,,,,0
test4110.png,,,,,0
test4111.png,,,,,0
test4112.png,,,,,0
test4113.png,,,,,0
test4114.png,,,,,0
test4115.png,,,,,0
test4116.png,,,,,0
test4117.png,,,,,0
test4118.png,,,,,0
test4119.png,,,,,0
test4120.png,,,,,0
test4121.png,,,,,0
test4122.png,,,,,0
test4123.png,,,,,0
test4124.png,,,,,0
test4125.png,,,,,0
test4126.png,,,,,0
test4127.png,,,,,0
test4128.png,,,,,0
test4129.png,,,,,0
test4130.png,,,,,0
test4131.png,,,,,0
test4132.png,,,,,0
test4133.png,,,,,0
test4134.png,,,,,0
test4135.png,,,,,0
test4136.png,,,,,0
test4137.png,,,,,0
test4138.png,,,,,0
test4139.png,,,,,0
test4140.png,,,,,0
test4141.png,,,,,0
test4142.png,,,,,0
test4143.png,,,,,0
test4144.png,,,,,0
test4145.png,,,,,0
test4146.png,,,,,0
test4147.png,,,,,0
test4148.png,,,,,0
test4149.png,,,,,0
test4150.png,,,,,0
test4151.png,,,,,0
test4152.png,,,,,0
test4153.png,,,,,0
test4154.png,,,,,0
test4155.png,,,,,0
test4156.png,,,,,0
test4157.png,,,,,0
test4158.png,,,,,0
test4159.png,,,,,0
test4160.png,,,,,0
test4161.png,,,,,0
test4162.png,,,,,0
test4163.png,,,,,0
test4164.png,,,,,0
test4165.png,,,,,0
test4166.png,,,,,0
test4167.png,,,,,0
test4168.png,,,,,0
test4169.png,,,,,0
test4170.png,,,,,0
test4171.png,,,,,0
test4172.png,,,,,0
test4173.png,,,,,0
test4174.png,,,,,0
test4175.png,,,,,0
test4176.png,,,,,0
test4177.png,,,,,0
test4178.png,,,,,0
test4179.png,,,,,0
test4180.png,,,,,0
test4181.png,,,,,0
test4182.png,,,,,0
test4183.png,,,,,0
test4184.png,,,,,0
test4185.png,,,,,0
test4186.png,,,,,0
test4187.png,,,,,0
test4188.png,,,,,0
test4189.png,,,,,0
test4190.png,,,,,0
test4191.png,,,,,0
test4192.png,,,,,0
test4193.png,,,,,0
test4194.png,,,,,0
test4195.png,,,,,0
test4196.png,,,,,0
test4197.png,,,,,0
test4198.png,,,,,0
test4199.png,,,,,0
test4200.png,212,198,282,562,1
test4201.png,,,,,0
test4202.png,,,,,0
test4203.png,,,,,0
test4204.png,,,,,0
test4205.png,,,,,0
test4206.png,,,,,0
test4207.png,,,,,0
test4208.png,,,,,0
test4209.png,,,,,0
test4210.png,,,,,0
test4211.png,144,186,282,586,1
test4212.png,,,,,0
test4213.png,,,,,0
test4214.png,,,,,0
test4215.png,,,,,0
test4216.png,,,,,0
test4217.png,,,,,0
test4218.png,,,,,0
test4219.png,,,,,0
test4220.png,,,,,0
test4221.png,,,,,0
test4222.png,,,,,0
test4223.png,,,,,0
test4224.png,,,,,0
test4225.png,,,,,0
test4226.png,,,,,0
test4227.png,,,,,0
test4228.png,,,,,0
test4229.png,,,,,0
test4230.png,,,,,0
test4231.png,,,,,0
test4232.png,,,,,0
test4233.png,,,,,0
test4234.png,,,,,0
test4235.png,,,,,0
test4236.png,,,,,0
test4237.png,,,,,0
test4238.png,,,,,0
test4239.png,,,,,0
test4240.png,,,,,0
test4241.png,,,,,0
test4242.png,,,,,0
test4243.png,,,,,0
test4244.png,,,,,0
test4245.png,,,,,0
test4246.png,,,,,0
test4247.png,,,,,0
test4248.png,,,,,0
test4249.png,,,,,0
test4250.png,,,,,0
test4251.png,,,,,0
test4252.png,,,,,0
test4253.png,142,220,284,516,1
test4254.png,,,,,0
test4255.png,,,,,0
test4256.png,,,,,0
test4257.png,,,,,0
test4258.png,,,,,0
test4259.png,,,,,0
test4260.png,,,,,0
test4261.png,,,,,0
test4262.png,,,,,0
test4263.png,,,,,0
test4264.png,,,,,0
test4265.png,,,,,0
test4266.png,,,,,0
test4267.png,,,,,0
test4268.png,,,,,0
test4269.png,,,,,0
test4270.png,,,,,0
test4271.png,,,,,0
test4272.png,,,,,0
test4273.png,,,,,0
test4274.png,,,,,0
test4275.png,,,,,0
test4276.png,,,,,0
test4277.png,,,,,0
test4278.png,,,,,0
test4279.png,,,,,0
test4280.png,,,,,0
test4281.png,,,,,0
test4282.png,,,,,0
test4283.png,,,,,0
test4284.png,,,,,0
test4285.png,,,,,0
test4286.png,,,,,0
test4287.png,,,,,0
test4288.png,,,,,0
test4289.png,,,,,0
test4290.png,,,,,0
test4291.png,,,,,0
test4292.png,,,,,0
test4293.png,,,,,0
test4294.png,,,,,0
test4295.png,,,,,0
test4296.png,,,,,0
test4297.png,,,,,0
test4298.png,,,,,0
test4299.png,,,,,0
test4300.png,,,,,0
test4301.png,,,,,0
test4302.png,,,,,0
test4303.png,,,,,0
test4304.png,,,,,0
test4305.png,,,,,0
test4306.png,,,,,0
test4307.png,,,,,0
test4308.png,,,,,0
test4309.png,,,,,0
test4310.png,,,,,0
test4311.png,,,,,0
test4312.png,,,,,0
test4313.png,,,,,0
test4314.png,,,,,0
test4315.png,,,,,0
test4316.png,,,,,0
test4317.png,,,,,0
test4318.png,,,,,0
test4319.png,,,,,0
test4320.png,,,,,0
test4321.png,,,,,0
test4322.png,,,,,0
test4323.png,,,,,0
test4324.png,,,,,0
test4325.png,,,,,0
test4326.png,82,248,284,588,1
test4327.png,,,,,0
test4328.png,,,,,0
test4329.png,,,,,0
test4330.png,,,,,0
test4331.png,,,,,0
test4332.png,,,,,0
test4333.png,,,,,0
test4334.png,,,,,0
test4335.png,,,,,0
test4336.png,,,,,0
test4337.png,,,,,0
test4338.png,,,,,0
test4339.png,,,,,0
test4340.png,,,,,0
test4341.png,,,,,0
test4342.png,,,,,0
test4343.png,,,,,0
test4344.png,,,,,0
test4345.png,,,,,0
test4346.png,,,,,0
test4347.png,,,,,0
test4348.png,,,,,0
test4349.png,,,,,0
test4350.png,,,,,0
test4351.png,,,,,0
test4352.png,,,,,0
test4353.png,,,,,0
test4354.png,,,,,0
test4355.png,,,,,0
test4356.png,,,,,0
test4357.png,,,,,0
test4358.png,,,,,0
test4359.png,,,,,0
test4360.png,,,,,0
test4361.png,,,,,0
test4362.png,,,,,0
test4363.png,,,,,0
test4364.png,,,,,0
test4365.png,,,,,0
test4366.png,,,,,0
test4367.png,,,,,0
test4368.png,,,,,0
test4369.png,,,,,0
test4370.png,,,,,0
test4371.png,,,,,0
test4372.png,,,,,0
test4373.png,,,,,0
test4374.png,,,,,0
test4375.png,,,,,0
test4376.png,,,,,0
test4377.png,,,,,0
test4378.png,214,198,274,562,1
test4379.png,,,,,0
test4380.png,,,,,0
test4381.png,,,,,0
test4382.png,,,,,0
test4383.png,,,,,0
test4384.png,,,,,0
test4385.png,,,,,0
test4386.png,,,,,0
test4387.png,,,,,0
test4388.png,,,,,0
test4389.png,,,,,0
test4390.png,,,,,0
test4391.png,,,,,0
test4392.png,,,,,0
test4393.png,,,,,0
test4394.png,,,,,0
test4395.png,,,,,0
test4396.png,,,,,0
test4397.png,,,,,0
test4398.png,,,,,0
test4399.png,,,,,0
test4400.png,,,,,0
test4401.png,,,,,0
test4402.png,,,,,0
test4403.png,,,,,0
test4404.png,,,,,0
test4405.png,,,,,0
test4406.png,,,,,0
test4407.png,,,,,0
test4408.png,,,,,0
test4409.png,,,,,0
test4410.png,,,,,0
test4411.png,,,,,0
test4412.png,,,,,0
test4413.png,,,,,0
test4414.png,,,,,0
test4415.png,,,,,0
test4416.png,,,,,0
test4417.png,,,,,0
test4418.png,,,,,0
test4419.png,,,,,0
test4420.png,,,,,0
test4421.png,,,,,0
test4422.png,,,,,0
test4423.png,,,,,0
test4424.png,,,,,0
test4425.png,,,,,0
test4426.png,,,,,0
test4427.png,,,,,0
test4428.png,,,,,0
test4429.png,,,,,0
test4430.png,,,,,0
test4431.png,,,,,0
test4432.png,,,,,0
test4433.png,,,,,0
test4434.png,,,,,0
test4435.png,,,,,0
test4436.png,,,,,0
test4437.png,,,,,0
test4438.png,,,,,0
test4439.png,,,,,0
test4440.png,,,,,0
test4441.png,,,,,0
test4442.png,,,,,0
test4443.png,,,,,0
test4444.png,,,,,0
test4445.png,,,,,0
test4446.png,,,,,0
test4447.png,,,,,0
test4448.png,,,,,0
test4449.png,,,,,0
test4450.png,,,,,0
test4451.png,,,,,0
test4452.png,,,,,0
test4453.png,,,,,0
test4454.png,,,,,0
test4455.png,,,,,0
test4456.png,,,,,0
test4457.png,,,,,0
test4458.png,,,,,0
test4459.png,,,,,0
test4460.png,,,,,0
test4461.png,,,,,0
test4462.png,,,,,0
test4463.png,,,,,0
test4464.png,,,,,0
test4465.png,,,,,0
test4466.png,,,,,0
test4467.png,,,,,0
test4468.png,,,,,0
test4469.png,,,,,0
test4470.png,,,,,0
test4471.png,,,,,0
test4472.png,,,,,0
test4473.png,,,,,0
test4474.png,,,,,0
test4475.png,,,,,0
test4476.png,,,,,0
test4477.png,,,,,0
test4478.png,,,,,0
test4479.png,,,,,0
test4480.png,,,,,0
test4481.png,,,,,0
test4482.png,,,,,0
test4483.png,,,,,0
test4484.png,,,,,0
test4485.png,,,,,0
test4486.png,,,,,0
test4487.png,,,,,0
test4488.png,,,,,0
test4489.png,,,,,0
test4490.png,,,,,0
test4491.png,,,,,0
test4492.png,,,,,0
test4493.png,,,,,0
test4494.png,,,,,0
test4495.png,,,,,0
test4496.png,,,,,0
test4497.png,,,,,0
test4498.png,,,,,0
test4499.png,,,,,0
test4500.png,,,,,0
test4501.png,,,,,0
test4502.png,,,,,0
test4503.png,,,,,0
test4504.png,,,,,0
test4505.png,,,,,0
test4506.png,,,,,0
test4507.png,,,,,0
test4508.png,,,,,0
test4509.png,,,,,0
test4510.png,,,,,0
test4511.png,,,,,0
test4512.png,,,,,0
test4513.png,,,,,0
test4514.png,,,,,0
test4515.png,,,,,0
test4516.png,,,,,0
test4517.png,,,,,0
test4518.png,,,,,0
test4519.png,,,,,0
test4520.png,,,,,0
test4521.png,,,,,0
test4522.png,,,,,0
test4523.png,,,,,0
test4524.png,146,156,280,646,1
test4525.png,,,,,0
test4526.png,,,,,0
test4527.png,,,,,0
test4528.png,,,,,0
test4529.png,,,,,0
test4530.png,,,,,0
test4531.png,,,,,0
test4532.png,,,,,0
test4533.png,,,,,0
test4534.png,,,,,0
test4535.png,,,,,0
test4536.png,,,,,0
test4537.png,,,,,0
test4538.png,,,,,0
test4539.png,,,,,0
test4540.png,,,,,0
test4541.png,,,,,0
test4542.png,,,,,0
test4543.png,,,,,0
test4544.png,,,,,0
test4545.png,,,,,0
test4546.png,,,,,0
test4547.png,,,,,0
test4548.png,,,,,0
test4549.png,,,,,0
test4550.png,,,,,0
test4551.png,,,,,0
test4552.png,,,,,0
test4553.png,,,,,0
test4554.png,,,,,0
test4555.png,,,,,0
test4556.png,,,,,0
test4557.png,,,,,0
test4558.png,,,,,0
test4559.png,,,,,0
test4560.png,,,,,0
test4561.png,,,,,0
test4562.png,,,,,0
test4563.png,,,,,0
test4564.png,,,,,0
test4565.png,,,,,0
test4566.png,,,,,0
test4567.png,,,,,0
test4568.png,,,,,0
test4569.png,,,,,0
test4570.png,,,,,0
test4571.png,,,,,0
test4572.png,,,,,0
test4573.png,,,,,0
test4574.png,,,,,0
test4575.png,,,,,0
test4576.png,,,,,0
test4577.png,,,,,0
test4578.png,,,,,0
test4579.png,,,,,0
test4580.png,,,,,0
test4581.png,,,,,0
test4582.png,,,,,0
test4583.png,,,,,0
test4584.png,,,,,0
test4585.png,,,,,0
test4586.png,,,,,0
test4587.png,,,,,0
test4588.png,,,,,0
test4589.png,,,,,0
test4590.png,,,,,0
test4591.png,,,,,0
test4592.png,,,,,0
test4593.png,,,,,0
test4594.png,,,,,0
test4595.png,,,,,0
test4596.png,,,,,0
test4597.png,,,,,0
test4598.png,,,,,0
test4599.png,,,,,0
test4600.png,,,,,0
test4601.png,,,,,0
test4602.png,,,,,0
test4603.png,,,,,0
test4604.png,,,,,0
test4605.png,,,,,0
test4606.png,,,,,0
test4607.png,,,,,0
test4608.png,,,,,0
test4609.png,,,,,0
test4610.png,,,,,0
test4611.png,,,,,0
test4612.png,,,,,0
test4613.png,,,,,0
test4614.png,,,,,0
test4615.png,,,,,0
test4616.png,,,,,0
test4617.png,,,,,0
test4618.png,,,,,0
test4619.png,,,,,0
test4620.png,,,,,0
test4621.png,,,,,0
test4622.png,,,,,0
test4623.png,,,,,0
test4624.png,,,,,0
test4625.png,,,,,0
test4626.png,,,,,0
test4627.png,,,,,0
test4628.png,,,,,0
test4629.png,,,,,0
test4630.png,,,,,0
test4631.png,,,,,0
test4632.png,,,,,0
test4633.png,,,,,0
test4634.png,,,,,0
test4635.png,,,,,0
test4636.png,,,,,0
test4637.png,,,,,0
test4638.png,,,,,0
test4639.png,,,,,0
test4640.png,,,,,0
test4641.png,,,,,0
test4642.png,,,,,0
test4643.png,,,,,0
test4644.png,,,,,0
test4645.png,,,,,0
test4646.png,,,,,0
test4647.png,,,,,0
test4648.png,,,,,0
test4649.png,,,,,0
test4650.png,,,,,0
test4651.png,,,,,0
test4652.png,,,,,0
test4653.png,,,,,0
test4654.png,,,,,0
test4655.png,,,,,0
test4656.png,,,,,0
test4657.png,,,,,0
test4658.png,,,,,0
test4659.png,,,,,0
test4660.png,,,,,0
test4661.png,,,,,0
test4662.png,,,,,0
test4663.png,,,,,0
test4664.png,,,,,0
test4665.png,,,,,0
test4666.png,,,,,0
test4667.png,,,,,0
test4668.png,,,,,0
test4669.png,,,,,0
test4670.png,,,,,0
test4671.png,,,,,0
test4672.png,,,,,0
test4673.png,,,,,0
test4674.png,,,,,0
test4675.png,,,,,0
test4676.png,,,,,0
test4677.png,,,,,0
test4678.png,,,,,0
test4679.png,,,,,0
test4680.png,,,,,0
test4681.png,,,,,0
test4682.png,,,,,0
test4683.png,,,,,0
test4684.png,,,,,0
test4685.png,,,,,0
test4686.png,,,,,0
test4687.png,,,,,0
test4688.png,,,,,0
test4689.png,,,,,0
test4690.png,,,,,0
test4691.png,,,,,0
test4692.png,,,,,0
test4693.png,,,,,0
test4694.png,,,,,0
test4695.png,,,,,0
test4696.png,,,,,0
test4697.png,,,,,0
test4698.png,,,,,0
test4699.png,,,,,0
test4700.png,,,,,0
test4701.png,,,,,0
test4702.png,,,,,0
test4703.png,,,,,0
test4704.png,,,,,0
test4705.png,,,,,0
test4706.png,,,,,0
test4707.png,,,,,0
test4708.png,,,,,0
test4709.png,,,,,0
test4710.png,,,,,0
test4711.png,,,,,0
test4712.png,,,,,0
test4713.png,,,,,0
test4714.png,,,,,0
test4715.png,,,,,0
test4716.png,,,,,0
test4717.png,,,,,0
test4718.png,,,,,0
test4719.png,,,,,0
test4720.png,,,,,0
test4721.png,,,,,0
test4722.png,,,,,0
test4723.png,,,,,0
test4724.png,,,,,0
test4725.png,,,,,0
test4726.png,,,,,0
test4727.png,,,,,0
test4728.png,,,,,0
test4729.png,,,,,0
test4730.png,,,,,0
test4731.png,,,,,0
test4732.png,,,,,0
test4733.png,,,,,0
test4734.png,,,,,0
test4735.png,,,,,0
test4736.png,,,,,0
test4737.png,,,,,0
test4738.png,,,,,0
test4739.png,,,,,0
test4740.png,,,,,0
test4741.png,,,,,0
test4742.png,,,,,0
test4743.png,,,,,0
test4744.png,,,,,0
test4745.png,,,,,0
test4746.png,,,,,0
test4747.png,,,,,0
test4748.png,,,,,0
test4749.png,,,,,0
test4750.png,,,,,0
test4751.png,,,,,0
test4752.png,,,,,0
test4753.png,,,,,0
test4754.png,528,298,286,616,1
test4755.png,,,,,0
test4756.png,,,,,0
test4757.png,,,,,0
test4758.png,,,,,0
test4759.png,,,,,0
test4760.png,,,,,0
test4761.png,,,,,0
test4762.png,,,,,0
test4763.png,,,,,0
test4764.png,,,,,0
test4765.png,,,,,0
test4766.png,,,,,0
test4767.png,,,,,0
test4768.png,,,,,0
test4769.png,,,,,0
test4770.png,,,,,0
test4771.png,,,,,0
test4772.png,,,,,0
test4773.png,,,,,0
test4774.png,,,,,0
test4775.png,,,,,0
test4776.png,,,,,0
test4777.png,,,,,0
test4778.png,,,,,0
test4779.png,,,,,0
test4780.png,,,,,0
test4781.png,,,,,0
test4782.png,,,,,0
test4783.png,,,,,0
test4784.png,,,,,0
test4785.png,,,,,0
test4786.png,,,,,0
test4787.png,,,,,0
test4788.png,,,,,0
test4789.png,,,,,0
test4790.png,,,,,0
test4791.png,,,,,0
test4792.png,,,,,0
test4793.png,,,,,0
test4794.png,,,,,0
test4795.png,,,,,0
test4796.png,,,,,0
test4797.png,,,,,0
test4798.png,148,218,276,520,1
test4799.png,,,,,0
test4800.png,,,,,0
test4801.png,,,,,0
test4802.png,,,,,0
test4803.png,,,,,0
test4804.png,,,,,0
test4805.png,,,,,0
test4806.png,,,,,0
test4807.png,,,,,0
test4808.png,,,,,0
test4809.png,,,,,0
test4810.png,,,,,0
test4811.png,,,,,0
test4812.png,,,,,0
test4813.png,,,,,0
test4814.png,,,,,0
test4815.png,,,,,0
test4816.png,,,,,0
test4817.png,,,,,0
test4818.png,,,,,0
test4819.png,,,,,0
test4820.png,,,,,0
test4821.png,,,,,0
test4822.png,,,,,0
test4823.png,,,,,0
test4824.png,,,,,0
test4825.png,,,,,0
test4826.png,,,,,0
test4827.png,,,,,0
test4828.png,,,,,0
test4829.png,,,,,0
test4830.png,,,,,0
test4831.png,,,,,0
test4832.png,,,,,0
test4833.png,,,,,0
test4834.png,,,,,0
test4835.png,,,,,0
test4836.png,,,,,0
test4837.png,,,,,0
test4838.png,,,,,0
test4839.png,,,,,0
test4840.png,,,,,0
test4841.png,,,,,0
test4842.png,,,,,0
test4843.png,,,,,0
test4844.png,,,,,0
test4845.png,,,,,0
test4846.png,,,,,0
test4847.png,,,,,0
test4848.png,,,,,0
test4849.png,,,,,0
test4850.png,,,,,0
test4851.png,,,,,0
test4852.png,,,,,0
test4853.png,,,,,0
test4854.png,,,,,0
test4855.png,,,,,0
test4856.png,,,,,0
test4857.png,,,,,0
test4858.png,,,,,0
test4859.png,,,,,0
test4860.png,,,,,0
test4861.png,,,,,0
test4862.png,,,,,0
test4863.png,,,,,0
test4864.png,,,,,0
test4865.png,,,,,0
test4866.png,,,,,0
test4867.png,,,,,0
test4868.png,,,,,0
test4869.png,,,,,0
test4870.png,,,,,0
test4871.png,,,,,0
test4872.png,,,,,0
test4873.png,,,,,0
test4874.png,,,,,0
test4875.png,,,,,0
test4876.png,,,,,0
test4877.png,,,,,0
test4878.png,,,,,0
test4879.png,,,,,0
test4880.png,,,,,0
test4881.png,,,,,0
test4882.png,,,,,0
test4883.png,,,,,0
test4884.png,,,,,0
test4885.png,,,,,0
test4886.png,,,,,0
test4887.png,,,,,0
test4888.png,,,,,0
test4889.png,,,,,0
test4890.png,,,,,0
test4891.png,,,,,0
test4892.png,,,,,0
test4893.png,,,,,0
test4894.png,,,,,0
test4895.png,,,,,0
test4896.png,,,,,0
test4897.png,,,,,0
test4898.png,,,,,0
test4899.png,,,,,0
test4900.png,,,,,0
test4901.png,,,,,0
test4902.png,,,,,0
test4903.png,,,,,0
test4904.png,,,,,0
test4905.png,,,,,0
test4906.png,,,,,0
test4907.png,,,,,0
test4908.png,,,,,0
test4909.png,,,,,0
test4910.png,,,,,0
test4911.png,,,,,0
test4912.png,,,,,0
test4913.png,,,,,0
test4914.png,,,,,0
test4915.png,,,,,0
test4916.png,,,,,0
test4917.png,,,,,0
test4918.png,,,,,0
test4919.png,,,,,0
test4920.png,,,,,0
test4921.png,,,,,0
test4922.png,,,,,0
test4923.png,,,,,0
test4924.png,,,,,0
test4925.png,,,,,0
test4926.png,,,,,0
test4927.png,,,,,0
test4928.png,,,,,0
test4929.png,,,,,0
test4930.png,,,,,0
test4931.png,,,,,0
test4932.png,,,,,0
test4933.png,,,,,0
test4934.png,,,,,0
test4935.png,,,,,0
test4936.png,,,,,0
test4937.png,,,,,0
test4938.png,,,,,0
test4939.png,,,,,0
test4940.png,,,,,0
test4941.png,,,,,0
test4942.png,,,,,0
test4943.png,,,,,0
test4944.png,,,,,0
test4945.png,,,,,0
test4946.png,,,,,0
test4947.png,,,,,0
test4948.png,,,,,0
test4949.png,,,,,0
test4950.png,,,,,0
test4951.png,,,,,0
test4952.png,,,,,0
test4953.png,,,,,0
test4954.png,,,,,0
test4955.png,,,,,0
test4956.png,,,,,0
test4957.png,,,,,0
test4958.png,,,,,0
test4959.png,,,,,0
test4960.png,,,,,0
test4961.png,,,,,0
test4962.png,,,,,0
test4963.png,,,,,0
test4964.png,,,,,0
test4965.png,,,,,0
test4966.png,,,,,0
test4967.png,,,,,0
test4968.png,,,,,0
test4969.png,,,,,0
test4970.png,,,,,0
test4971.png,,,,,0
test4972.png,,,,,0
test4973.png,,,,,0
test4974.png,,,,,0
test4975.png,,,,,0
test4976.png,,,,,0
test4977.png,,,,,0
test4978.png,,,,,0
test4979.png,,,,,0
test4980.png,,,,,0
test4981.png,,,,,0
test4982.png,,,,,0
test4983.png,,,,,0
test4984.png,,,,,0
test4985.png,,,,,0
test4986.png,,,,,0
test4987.png,,,,,0
test4988.png,,,,,0
test4989.png,,,,,0
test4990.png,,,,,0
test4991.png,,,,,0
test4992.png,,,,,0
test4993.png,,,,,0
test4994.png,,,,,0
test4995.png,,,,,0
test4996.png,,,,,0
test4997.png,,,,,0
